"2022","4","11650660",내곡동,"01","1층",3286492,124345,157210,13
"2022","4","11650660",내곡동,"02","1층외",17778757,110169,287957,8
"2022","4","11650660",내곡동,"00",전체층,8807355,118945,207018,21
"2022","4","11650620",방배3동,"02","1층외",3590641,92720,128626,12
"2022","4","11650620",방배3동,"00",전체층,2245880,93565,116024,26
"2022","4","11650620",방배3동,"01","1층",1093228,94289,105221,14
"2022","4","11680590",삼성2동,"02","1층외",1312205,164525,177648,87
"2022","4","11680590",삼성2동,"01","1층",2439531,179202,203598,56
"2022","4","11680590",삼성2동,"00",전체층,1753676,170273,187810,143
"2022","4","11680580",삼성1동,"02","1층외",651951,272867,279386,93
"2022","4","11680580",삼성1동,"01","1층",2512523,182961,208086,26
"2022","4","11545700",시흥제4동,"02","1층외",0,0,0,4
"2022","4","11680580",삼성1동,"00",전체층,1058462,253223,263808,119
"2022","4","11710540",마천1동,"00",전체층,1344374,46365,59808,30
"2022","4","11710540",마천1동,"02","1층외",1408247,25517,39599,12
"2022","4","11710540",마천1동,"01","1층",1301792,60263,73281,18
"2022","4","11710650",잠실본동,"02","1층외",2158655,129574,151161,87
"2022","4","11710650",잠실본동,"01","1층",2907004,194665,223735,62
"2022","4","11710650",잠실본동,"00",전체층,2470049,156659,181359,149
"2022","4","11710610",삼전동,"01","1층",2005155,153741,173792,48
"2022","4","11710610",삼전동,"00",전체층,2938212,126149,155531,88
"2022","4","11710610",삼전동,"02","1층외",4057880,93040,133618,40
"2022","4","11710641",문정1동,"02","1층외",1599197,106357,122349,35
"2022","4","11710641",문정1동,"00",전체층,2802392,124058,152082,80
"2022","4","11710641",문정1동,"01","1층",3738210,137825,175207,45
"2022","4","11710670",잠실2동,"01","1층",5522116,424738,479959,14
"2022","4","11710670",잠실2동,"00",전체층,5135123,283535,334886,42
"2022","4","11710670",잠실2동,"02","1층외",4941627,212933,262349,28
"2022","4","11710632",가락2동,"00",전체층,2528063,157114,182395,103
"2022","4","11710632",가락2동,"02","1층외",2249644,132530,155026,56
"2022","4","11710632",가락2동,"01","1층",2859796,186406,215004,47
"2022","4","11740530",명일제1동,"01","1층",1743251,116848,134280,78
"2022","4","11740530",명일제1동,"00",전체층,1971468,87859,107574,132
"2022","4","11740530",명일제1동,"02","1층외",2301116,45987,68999,54
"2022","4","11740580",암사제2동,"00",전체층,1902540,82511,101536,45
"2022","4","11740580",암사제2동,"02","1층외",1316609,53256,66422,21
"2022","4","11740580",암사제2동,"01","1층",2415229,108108,132260,24
"2022","4","11710720",잠실7동,"01","1층",0,0,0,2
"2022","4","11710720",잠실7동,"00",전체층,0,0,0,5
"2022","4","11710720",잠실7동,"02","1층외",0,0,0,3
"2022","4","11740515",강일동,"00",전체층,3498465,86930,121915,58
"2022","4","11740515",강일동,"02","1층외",4088781,50644,91532,34
"2022","4","11740515",강일동,"01","1층",2662184,138336,164957,24
"2022","4","11740540",명일제2동,"01","1층",3280706,150238,183046,27
"2022","4","11740540",명일제2동,"00",전체층,2233854,97861,120200,57
"2022","4","11740540",명일제2동,"02","1층외",1291688,50722,63639,30
"2022","4","11740560",고덕제2동,"01","1층",3876082,238389,277150,42
"2022","4","11740560",고덕제2동,"00",전체층,4102441,204100,245125,62
"2022","4","11740560",고덕제2동,"02","1층외",4577796,132093,177871,20
"2022","4","11710690",잠실4동,"00",전체층,0,0,0,8
"2022","4","11710690",잠실4동,"02","1층외",2652654,185116,211642,5
"2022","4","11710690",잠실4동,"01","1층",0,0,0,3
"2022","4","11740685",길동,"00",전체층,1620403,85257,101461,226
"2022","4","11740685",길동,"01","1층",1462681,102659,117286,129
"2022","4","11740685",길동,"02","1층외",1830156,62114,80416,97
"2022","4","11740650",성내제2동,"02","1층외",962797,106658,116286,42
"2022","4","11740650",성내제2동,"00",전체층,1430861,99985,114293,122
"2022","4","11740650",성내제2동,"01","1층",1676595,96481,113247,80
"2022","4","11110515",청운효자동,"00",전체층,3262181,148494,181116,60
"2022","4","11110515",청운효자동,"01","1층",4084863,184000,224849,41
"2022","4","11110515",청운효자동,"02","1층외",1486920,71875,86744,19
"2022","4","11110550",부암동,"00",전체층,1293327,86507,99441,12
"2022","4","11110550",부암동,"01","1층",1595114,106652,122603,6
"2022","4","11110550",부암동,"02","1층외",991540,66363,76278,6
"2022","4","11110580",교남동,"00",전체층,2584383,174711,200555,12
"2022","4","11110580",교남동,"01","1층",3698599,248661,285647,6
"2022","4","11110580",교남동,"02","1층외",1470166,100761,115463,6
"2022","4","11110680",창신제2동,"00",전체층,1336277,90791,104154,44
"2022","4","11110680",창신제2동,"02","1층외",1159323,106780,118373,25
"2022","4","11110680",창신제2동,"01","1층",1569112,69753,85444,19
"2022","4","11110700",숭인제1동,"00",전체층,1376882,85362,99130,20
"2022","4","11110700",숭인제1동,"02","1층외",650590,52274,58780,14
"2022","4","11110700",숭인제1동,"01","1층",3071562,162565,193281,6
"2022","4","11140550",명동,"00",전체층,1621949,210101,226321,185
"2022","4","11140550",명동,"01","1층",2987121,250245,280116,27
"2022","4","11140550",명동,"02","1층외",1388660,203241,217128,158
"2022","4","11140520",소공동,"01","1층",2844326,198773,227217,22
"2022","4","11140520",소공동,"00",전체층,2710312,199475,226578,85
"2022","4","11140520",소공동,"02","1층외",2663514,199720,226356,63
"2022","4","11140590",광희동,"02","1층외",2855232,219828,248380,223
"2022","4","11140590",광희동,"00",전체층,2917352,224747,253921,325
"2022","4","11140590",광희동,"01","1층",3053164,235501,266033,102
"2022","4","11140645",청구동,"00",전체층,2738596,138459,165845,49
"2022","4","11140645",청구동,"02","1층외",2890423,148172,177076,30
"2022","4","11140645",청구동,"01","1층",2498868,123123,148111,19
"2022","4","11170510",후암동,"00",전체층,1945078,96316,115767,53
"2022","4","11170510",후암동,"01","1층",1976569,112941,132707,38
"2022","4","11170510",후암동,"02","1층외",1865299,54200,72853,15
"2022","4","11170555",청파동,"01","1층",2188579,113593,135479,55
"2022","4","11170555",청파동,"00",전체층,1863303,91653,110286,95
"2022","4","11170555",청파동,"02","1층외",1416048,61487,75647,40
"2022","4","11200580",응봉동,"02","1층외",4501523,255126,300141,6
"2022","4","11200580",응봉동,"00",전체층,0,0,0,10
"2022","4","11200580",응봉동,"01","1층",0,0,0,4
"2022","4","11170650",이태원제1동,"01","1층",2649019,186624,213115,136
"2022","4","11170650",이태원제1동,"00",전체층,2583553,169306,195141,233
"2022","4","11170650",이태원제1동,"02","1층외",2491767,145024,169942,97
"2022","4","11170660",이태원제2동,"02","1층외",5021144,99960,150172,38
"2022","4","11170660",이태원제2동,"00",전체층,3476543,140756,175521,90
"2022","4","11170660",이태원제2동,"01","1층",2347797,170568,194046,52
"2022","4","11215847",자양제4동,"00",전체층,2576386,104186,129950,138
"2022","4","11215847",자양제4동,"02","1층외",3303074,85256,118287,56
"2022","4","11215847",자양제4동,"01","1층",2080112,117114,137915,82
"2022","4","11215830",자양제2동,"01","1층",1590885,85371,101280,74
"2022","4","11215830",자양제2동,"00",전체층,2059549,85605,106200,107
"2022","4","11215830",자양제2동,"02","1층외",3110493,86128,117233,33
"2022","4","11215780",능동,"01","1층",2823043,114485,142715,40
"2022","4","11215780",능동,"00",전체층,2350358,98429,121933,66
"2022","4","11215780",능동,"02","1층외",1623149,73727,89959,26
"2022","4","11230600",답십리제1동,"01","1층",1777905,130960,148739,70
"2022","4","11230600",답십리제1동,"00",전체층,1565578,107166,122822,121
"2022","4","11230600",답십리제1동,"02","1층외",1274150,74509,87251,51
"2022","4","11230750",이문제2동,"02","1층외",2640077,35827,62228,12
"2022","4","11230750",이문제2동,"00",전체층,2542514,70156,95581,36
"2022","4","11230750",이문제2동,"01","1층",2493733,87321,112258,24
"2022","4","11260520",면목제2동,"00",전체층,1054999,58210,68760,83
"2022","4","11260520",면목제2동,"02","1층외",608747,29534,35622,28
"2022","4","11260520",면목제2동,"01","1층",1282182,72808,85630,55
"2022","4","11230705",청량리동,"00",전체층,1785917,91930,109789,66
"2022","4","11230705",청량리동,"01","1층",2142557,102964,124390,50
"2022","4","11230705",청량리동,"02","1층외",671419,57447,64161,16
"2022","4","11260540",면목제4동,"00",전체층,2418606,62435,86621,45
"2022","4","11260540",면목제4동,"02","1층외",1812598,33840,51966,14
"2022","4","11260540",면목제4동,"01","1층",2692287,75348,102271,31
"2022","4","11260655",망우본동,"00",전체층,1455682,71891,86448,95
"2022","4","11260655",망우본동,"02","1층외",1325288,50839,64092,30
"2022","4","11260655",망우본동,"01","1층",1515864,81608,96766,65
"2022","4","11260660",망우제3동,"01","1층",1327231,79706,92978,30
"2022","4","11260660",망우제3동,"00",전체층,1507879,56048,71127,51
"2022","4","11260660",망우제3동,"02","1층외",1765947,22251,39911,21
"2022","4","11260680",신내1동,"02","1층외",1584101,65674,81515,34
"2022","4","11260680",신내1동,"00",전체층,1659521,81313,97908,66
"2022","4","11260680",신내1동,"01","1층",1739655,97929,115326,32
"2022","4","11260575",면목제3·8동,"00",전체층,2092868,81871,102800,96
"2022","4","11260575",면목제3·8동,"02","1층외",3037543,72366,102741,39
"2022","4","11260575",면목제3·8동,"01","1층",1446512,88375,102841,57
"2022","4","11260690",신내2동,"02","1층외",2014558,40999,61144,15
"2022","4","11260690",신내2동,"00",전체층,2940241,75189,104591,32
"2022","4","11260690",신내2동,"01","1층",3757021,105357,142927,17
"2022","4","11290620",정릉제1동,"02","1층외",3047542,42410,72885,8
"2022","4","11290620",정릉제1동,"00",전체층,2323124,98652,121883,30
"2022","4","11290620",정릉제1동,"01","1층",2059699,119103,139700,22
"2022","4","11290715",월곡제1동,"02","1층외",1362198,50477,64099,25
"2022","4","11290715",월곡제1동,"00",전체층,1469177,73594,88286,41
"2022","4","11290715",월곡제1동,"01","1층",1636332,109715,126078,16
"2022","4","11290610",보문동,"02","1층외",2411497,63611,87726,31
"2022","4","11290610",보문동,"00",전체층,2000451,79127,99132,60
"2022","4","11290610",보문동,"01","1층",1561057,95713,111324,29
"2022","4","11305595",번1동,"00",전체층,1351502,78758,92273,100
"2022","4","11305595",번1동,"02","1층외",874995,56579,65329,44
"2022","4","11305595",번1동,"01","1층",1725901,96184,113443,56
"2022","4","11305535",미아동,"01","1층",1394412,100554,114499,55
"2022","4","11305535",미아동,"00",전체층,1348543,88882,102367,93
"2022","4","11305535",미아동,"02","1층외",1282154,71987,84809,38
"2022","4","11305645",우이동,"02","1층외",814856,35822,43971,14
"2022","4","11305645",우이동,"00",전체층,1376231,63310,77072,49
"2022","4","11305645",우이동,"01","1층",1600781,74305,90313,35
"2022","4","11305660",인수동,"02","1층외",1215230,34627,46780,30
"2022","4","11305660",인수동,"00",전체층,1270766,56019,68727,85
"2022","4","11305660",인수동,"01","1층",1301059,67687,80698,55
"2022","4","11320513",창제3동,"01","1층",1142939,64322,75751,46
"2022","4","11320513",창제3동,"00",전체층,1209380,60764,72857,63
"2022","4","11320513",창제3동,"02","1층외",1389162,51135,65027,17
"2022","4","11320511",창제1동,"02","1층외",2184838,95897,117746,23
"2022","4","11320511",창제1동,"00",전체층,2050138,85442,105943,55
"2022","4","11320511",창제1동,"01","1층",1953323,77927,97460,32
"2022","4","11320681",쌍문제4동,"00",전체층,2624587,68070,94316,37
"2022","4","11320681",쌍문제4동,"01","1층",2150725,103955,125463,19
"2022","4","11320681",쌍문제4동,"02","1층외",3124775,30192,61439,18
"2022","4","11350560",월계1동,"02","1층외",1525134,44246,59497,19
"2022","4","11350560",월계1동,"00",전체층,2036173,66025,86387,42
"2022","4","11350560",월계1동,"01","1층",2458336,84016,108599,23
"2022","4","11320670",쌍문제2동,"01","1층",1926528,117773,137038,46
"2022","4","11320670",쌍문제2동,"00",전체층,1731260,87767,105080,67
"2022","4","11320670",쌍문제2동,"02","1층외",1303531,22041,35076,21
"2022","4","11350695",상계6·7동,"02","1층외",2112093,137160,158281,32
"2022","4","11350695",상계6·7동,"00",전체층,2373751,150340,174077,62
"2022","4","11350695",상계6·7동,"01","1층",2652853,164398,190926,30
"2022","4","11350700",상계8동,"00",전체층,2767152,110508,138179,14
"2022","4","11350700",상계8동,"02","1층외",1811214,45656,63768,9
"2022","4","11350700",상계8동,"01","1층",4487840,227240,272119,5
"2022","4","11350630",상계1동,"01","1층",3880016,106072,144872,40
"2022","4","11350630",상계1동,"00",전체층,2468593,76412,101098,78
"2022","4","11350630",상계1동,"02","1층외",982885,45192,55021,38
"2022","4","11350720",상계10동,"02","1층외",1134073,52049,63389,6
"2022","4","11350720",상계10동,"00",전체층,2326032,137907,161168,11
"2022","4","11350720",상계10동,"01","1층",3756382,240938,278501,5
"2022","4","11350670",상계5동,"02","1층외",890871,76703,85612,32
"2022","4","11350670",상계5동,"00",전체층,1030564,75901,86207,73
"2022","4","11350670",상계5동,"01","1층",1139592,75276,86672,41
"2022","4","11380570",대조동,"01","1층",1552421,106543,122068,77
"2022","4","11380570",대조동,"00",전체층,1409295,85537,99630,135
"2022","4","11380570",대조동,"02","1층외",1219282,57649,69841,58
"2022","4","11380600",응암제3동,"00",전체층,2011720,75432,95549,96
"2022","4","11380600",응암제3동,"02","1층외",2606490,38789,64854,34
"2022","4","11380600",응암제3동,"01","1층",1685555,95526,112382,62
"2022","4","11380552",갈현제2동,"01","1층",1649434,89792,106287,48
"2022","4","11380552",갈현제2동,"00",전체층,3659369,77595,114189,87
"2022","4","11380552",갈현제2동,"02","1층외",6133134,62584,123915,39
"2022","4","11380580",응암제1동,"02","1층외",1607490,74881,90956,44
"2022","4","11380580",응암제1동,"00",전체층,1663701,91592,108229,84
"2022","4","11380580",응암제1동,"01","1층",1725533,109975,127230,40
"2022","4","11380640",증산동,"01","1층",984931,57393,67242,22
"2022","4","11380640",증산동,"00",전체층,2146344,54415,75878,39
"2022","4","11380640",증산동,"02","1층외",3649350,50560,87054,17
"2022","4","11410565",충현동,"02","1층외",1575677,84054,99811,41
"2022","4","11410565",충현동,"00",전체층,1853447,107688,126223,82
"2022","4","11410565",충현동,"01","1층",2131217,131323,152635,41
"2022","4","11410585",신촌동,"00",전체층,2153991,138269,159809,197
"2022","4","11410585",신촌동,"02","1층외",2026373,148790,169054,123
"2022","4","11410585",신촌동,"01","1층",2366114,120782,144443,74
"2022","4","11410620",홍제제1동,"02","1층외",1559465,68667,84262,17
"2022","4","11410620",홍제제1동,"00",전체층,1551823,81598,97116,47
"2022","4","11410620",홍제제1동,"01","1층",1547493,88925,104400,30
"2022","4","11380650",수색동,"00",전체층,1846431,97638,116102,16
"2022","4","11380650",수색동,"02","1층외",2096400,76523,97487,7
"2022","4","11380650",수색동,"01","1층",1652012,114061,130581,9
"2022","4","11440590",용강동,"02","1층외",1423604,99138,113374,72
"2022","4","11440590",용강동,"00",전체층,1634005,113479,129819,94
"2022","4","11440590",용강동,"01","1층",2322592,160414,183640,22
"2022","4","11410710",북가좌제1동,"00",전체층,3643790,138482,174920,30
"2022","4","11410710",북가좌제1동,"02","1층외",5597437,151226,207200,12
"2022","4","11410710",북가좌제1동,"01","1층",2341359,129986,153399,18
"2022","4","11440565",공덕동,"00",전체층,2049278,112879,133372,111
"2022","4","11440565",공덕동,"01","1층",2216743,128542,150709,54
"2022","4","11440565",공덕동,"02","1층외",1890628,98041,116947,57
"2022","4","11410640",홍제제3동,"00",전체층,2209002,89536,111626,55
"2022","4","11410640",홍제제3동,"02","1층외",2029604,38373,58669,13
"2022","4","11410640",홍제제3동,"01","1층",2264530,105373,128018,42
"2022","4","11470510",목1동,"02","1층외",1767156,75632,93303,58
"2022","4","11470510",목1동,"00",전체층,2138718,109783,131170,85
"2022","4","11470510",목1동,"01","1층",2936890,183145,212514,27
"2022","4","11440720",성산제1동,"01","1층",2046965,126861,147330,24
"2022","4","11440720",성산제1동,"00",전체층,2866992,103372,132041,61
"2022","4","11440720",성산제1동,"02","1층외",3398901,88135,122124,37
"2022","4","11440660",서교동,"02","1층외",1456150,137001,151563,343
"2022","4","11440660",서교동,"00",전체층,1854047,150625,169165,485
"2022","4","11440660",서교동,"01","1층",2815165,183532,211684,142
"2022","4","11470650",신정4동,"02","1층외",1327977,81810,95090,46
"2022","4","11470650",신정4동,"00",전체층,1810981,95840,113950,101
"2022","4","11470650",신정4동,"01","1층",2214948,107574,129724,55
"2022","4","11470620",신정1동,"01","1층",1846519,115428,133894,27
"2022","4","11470620",신정1동,"00",전체층,1666872,100966,117634,35
"2022","4","11470620",신정1동,"02","1층외",1060563,52154,62760,8
"2022","4","11470611",신월7동,"00",전체층,1821344,65420,83633,29
"2022","4","11470611",신월7동,"01","1층",1612593,77206,93332,20
"2022","4","11470611",신월7동,"02","1층외",2285236,39229,62082,9
"2022","4","11470540",목4동,"01","1층",1550372,105410,120914,41
"2022","4","11470540",목4동,"00",전체층,2071527,89559,110274,55
"2022","4","11470540",목4동,"02","1층외",3597766,43136,79114,14
"2022","4","11500590",화곡본동,"01","1층",2020528,97863,118068,41
"2022","4","11500590",화곡본동,"00",전체층,3286336,71851,104714,68
"2022","4","11500590",화곡본동,"02","1층외",5208488,32351,84436,27
"2022","4","11500530",등촌제2동,"01","1층",4239052,105431,147822,18
"2022","4","11500530",등촌제2동,"00",전체층,3558769,76632,112220,32
"2022","4","11500530",등촌제2동,"02","1층외",2684120,39604,66446,14
"2022","4","11500550",화곡제2동,"00",전체층,1884433,89802,108646,37
"2022","4","11500550",화곡제2동,"01","1층",2112148,120325,141446,23
"2022","4","11500550",화곡제2동,"02","1층외",1510331,39657,54761,14
"2022","4","11500640",방화제2동,"01","1층",1575213,82260,98012,39
"2022","4","11500640",방화제2동,"00",전체층,1953384,69288,88822,59
"2022","4","11500640",방화제2동,"02","1층외",2690817,43993,70901,20
"2022","4","11530720",고척제1동,"02","1층외",710587,59809,66915,31
"2022","4","11530720",고척제1동,"00",전체층,1383432,111190,125025,60
"2022","4","11530720",고척제1동,"01","1층",2102681,166115,187142,29
"2022","4","11530750",개봉제2동,"00",전체층,2737286,127804,155176,34
"2022","4","11530750",개봉제2동,"02","1층외",4277721,147098,189875,11
"2022","4","11530750",개봉제2동,"01","1층",2000556,118576,138581,23
"2022","4","11545640",독산제4동,"00",전체층,1238088,60393,72774,49
"2022","4","11545640",독산제4동,"02","1층외",1441865,28612,43030,12
"2022","4","11545640",독산제4동,"01","1층",1171999,70700,82420,37
"2022","4","11560535",영등포동,"01","1층",1939935,110731,130130,89
"2022","4","11560535",영등포동,"00",전체층,1878801,103439,122227,209
"2022","4","11560535",영등포동,"02","1층외",1833459,98031,116366,120
"2022","4","11545710",시흥제5동,"01","1층",1720665,86827,104034,26
"2022","4","11545710",시흥제5동,"00",전체층,2041348,65831,86244,38
"2022","4","11545710",시흥제5동,"02","1층외",2736159,20338,47700,12
"2022","4","11545620",독산제2동,"01","1층",1426323,54840,69104,24
"2022","4","11545620",독산제2동,"00",전체층,1961991,44570,64190,44
"2022","4","11545620",독산제2동,"02","1층외",2604792,32246,58294,20
"2022","4","11545680",시흥제2동,"00",전체층,1734470,84175,101520,23
"2022","4","11545680",시흥제2동,"02","1층외",1526528,71839,87104,14
"2022","4","11545680",시흥제2동,"01","1층",2057936,103366,123945,9
"2022","4","11590510",노량진제1동,"01","1층",2496193,102519,127481,45
"2022","4","11590510",노량진제1동,"00",전체층,2673330,101001,127735,88
"2022","4","11590510",노량진제1동,"02","1층외",2858706,99412,128000,43
"2022","4","11560660",신길제4동,"00",전체층,1405147,88060,102112,19
"2022","4","11560660",신길제4동,"01","1층",919411,67923,77117,9
"2022","4","11560660",신길제4동,"02","1층외",1842310,106184,124607,10
"2022","4","11560700",대림제1동,"01","1층",1788577,87763,105648,28
"2022","4","11560700",대림제1동,"00",전체층,1555834,79010,94569,38
"2022","4","11560700",대림제1동,"02","1층외",904153,54504,63545,10
"2022","4","11560585",도림동,"01","1층",1412436,90935,105059,47
"2022","4","11560585",도림동,"00",전체층,1240285,81423,93826,72
"2022","4","11560585",도림동,"02","1층외",916643,63542,72708,25
"2022","4","11590650",사당제4동,"02","1층외",660868,56291,62900,6
"2022","4","11590650",사당제4동,"00",전체층,2282858,124725,147553,38
"2022","4","11590650",사당제4동,"01","1층",2586981,137556,163426,32
"2022","4","11590630",사당제2동,"00",전체층,2879898,152812,181611,105
"2022","4","11590630",사당제2동,"01","1층",3597335,187998,223972,72
"2022","4","11590630",사당제2동,"02","1층외",1314579,76043,89189,33
"2022","4","11620575",행운동,"00",전체층,2122579,86842,108068,83
"2022","4","11620575",행운동,"02","1층외",2533545,74590,99925,38
"2022","4","11620575",행운동,"01","1층",1775541,97188,114943,45
"2022","4","11620655",신원동,"02","1층외",866740,47248,55916,18
"2022","4","11620655",신원동,"00",전체층,1451906,82500,97020,51
"2022","4","11620655",신원동,"01","1층",1771088,101729,119440,33
"2022","4","11620585",낙성대동,"00",전체층,1583990,109252,125092,92
"2022","4","11620585",낙성대동,"01","1층",1974002,148214,167954,47
"2022","4","11620585",낙성대동,"02","1층외",1176644,68559,80325,45
"2022","4","11620665",서림동,"00",전체층,1539135,57839,73230,48
"2022","4","11620665",서림동,"01","1층",1601795,81257,97275,26
"2022","4","11620665",서림동,"02","1층외",1465082,30163,44814,22
"2022","4","11650560",반포1동,"01","1층",1944217,123125,142567,37
"2022","4","11650560",반포1동,"00",전체층,1647718,106424,122901,73
"2022","4","11650560",반포1동,"02","1층외",1342983,89258,102688,36
"2022","4","11650540",잠원동,"02","1층외",1517653,104576,119753,64
"2022","4","11650540",잠원동,"00",전체층,1464245,105933,120576,94
"2022","4","11650540",잠원동,"01","1층",1350309,108828,122331,30
"2022","4","11650621",방배4동,"01","1층",1788221,112917,130799,41
"2022","4","11650621",방배4동,"00",전체층,1699187,82784,99775,94
"2022","4","11650621",방배4동,"02","1층외",1630312,59473,75776,53
"2022","4","11680510",신사동,"01","1층",2637538,210258,236633,42
"2022","4","11680510",신사동,"00",전체층,1554882,137818,153367,150
"2022","4","11680510",신사동,"02","1층외",1133849,109647,120985,108
"2022","4","11680640",역삼1동,"02","1층외",1410669,139660,153766,346
"2022","4","11680640",역삼1동,"00",전체층,1688924,143264,160153,445
"2022","4","11680640",역삼1동,"01","1층",2661413,155859,182473,99
"2022","4","11680545",압구정동,"02","1층외",3511502,131227,166342,90
"2022","4","11680545",압구정동,"00",전체층,3294239,148020,180962,131
"2022","4","11680545",압구정동,"01","1층",2817322,184882,213055,41
"2022","4","11680650",역삼2동,"01","1층",2514045,193666,218806,32
"2022","4","11680650",역삼2동,"00",전체층,1728050,139114,156395,128
"2022","4","11680650",역삼2동,"02","1층외",1466051,120931,135591,96
"2022","4","11680670",개포2동,"01","1층",2813043,171281,199412,21
"2022","4","11680670",개포2동,"00",전체층,4476127,155695,200456,45
"2022","4","11680670",개포2동,"02","1층외",5931325,142057,201370,24
"2022","4","11710561",방이1동,"00",전체층,2162958,133819,155449,71
"2022","4","11710561",방이1동,"02","1층외",2872874,153727,182456,31
"2022","4","11710561",방이1동,"01","1층",1612772,118390,134518,40
"2022","4","11710562",방이2동,"01","1층",2895084,199955,228906,43
"2022","4","11710562",방이2동,"00",전체층,3149378,147244,178738,154
"2022","4","11710562",방이2동,"02","1층외",3247888,126824,159303,111
"2022","4","11680700",세곡동,"02","1층외",3290018,105575,138476,36
"2022","4","11680700",세곡동,"01","1층",2518013,149017,174197,26
"2022","4","11680700",세곡동,"00",전체층,2966274,123793,153456,62
"2022","4","11680740",일원2동,"01","1층",4974873,310193,359942,6
"2022","4","11680740",일원2동,"00",전체층,4069628,176516,217212,19
"2022","4","11680740",일원2동,"02","1층외",3651822,114818,151336,13
"2022","4","11680750",수서동,"01","1층",2317284,161064,184237,6
"2022","4","11680750",수서동,"00",전체층,2495553,125941,150896,29
"2022","4","11680750",수서동,"02","1층외",2542058,116778,142199,23
"2022","4","11710510",풍납1동,"02","1층외",851120,50054,58565,7
"2022","4","11710510",풍납1동,"00",전체층,2822331,147701,175925,18
"2022","4","11710510",풍납1동,"01","1층",4076739,209840,250608,11
"2022","4","11710620",가락본동,"02","1층외",1527174,118287,133559,74
"2022","4","11710620",가락본동,"00",전체층,1814681,128824,146971,153
"2022","4","11710620",가락본동,"01","1층",2083992,138693,159533,79
"2022","4","11710646",장지동,"00",전체층,3909758,156589,195687,55
"2022","4","11710646",장지동,"01","1층",2813380,164326,192459,27
"2022","4","11710646",장지동,"02","1층외",4966980,149129,198799,28
"2022","4","11740620",천호제3동,"02","1층외",2083976,67460,88300,44
"2022","4","11740620",천호제3동,"00",전체층,1780850,83733,101542,98
"2022","4","11740620",천호제3동,"01","1층",1533859,96993,112332,54
"2022","4","11740550",고덕제1동,"00",전체층,3241497,129888,162303,41
"2022","4","11740550",고덕제1동,"02","1층외",970960,52207,61917,12
"2022","4","11740550",고덕제1동,"01","1층",4181030,162032,203843,29
"2022","4","11740520",상일동,"01","1층",2429406,173773,198067,46
"2022","4","11740520",상일동,"02","1층외",4295218,63688,106640,14
"2022","4","11740520",상일동,"00",전체층,2864763,148086,176734,60
"2022","4","11110615",종로1·2·3·4가동,"00",전체층,2590817,158327,184235,547
"2022","4","11110615",종로1·2·3·4가동,"02","1층외",1803954,121520,139559,314
"2022","4","11110615",종로1·2·3·4가동,"01","1층",3651224,207930,244442,233
"2022","4","11110630",종로5·6가동,"00",전체층,3831948,250004,288323,311
"2022","4","11110630",종로5·6가동,"02","1층외",3857463,260057,298631,220
"2022","4","11110630",종로5·6가동,"01","1층",3770265,225700,263403,91
"2022","4","11110600",가회동,"02","1층외",1281854,75659,88478,14
"2022","4","11110600",가회동,"00",전체층,2308908,124964,148053,31
"2022","4","11110600",가회동,"01","1층",3154717,165568,197115,17
"2022","4","11140615",신당동,"01","1층",4687248,317698,364571,79
"2022","4","11140615",신당동,"00",전체층,5463320,352196,406829,532
"2022","4","11140615",신당동,"02","1층외",5598662,358212,414199,453
"2022","4","11140625",다산동,"01","1층",2310487,193096,216201,22
"2022","4","11140625",다산동,"00",전체층,2102827,136928,157957,68
"2022","4","11140625",다산동,"02","1층외",2003512,110066,130101,46
"2022","4","11170520",용산2가동,"02","1층외",1837284,69828,88201,26
"2022","4","11170520",용산2가동,"00",전체층,1812727,85790,103917,55
"2022","4","11170520",용산2가동,"01","1층",1790710,100101,118008,29
"2022","4","11170530",남영동,"00",전체층,2289442,140963,163857,73
"2022","4","11170530",남영동,"02","1층외",2480598,147715,172521,32
"2022","4","11170530",남영동,"01","1층",2140248,135693,157096,41
"2022","4","11170570",원효로제2동,"02","1층외",1842072,122529,140949,33
"2022","4","11170570",원효로제2동,"00",전체층,1643122,112158,128590,58
"2022","4","11170570",원효로제2동,"01","1층",1380508,98469,112274,25
"2022","4","11200535",왕십리도선동,"01","1층",2790351,170226,198129,64
"2022","4","11200535",왕십리도선동,"00",전체층,2409111,164141,188232,135
"2022","4","11200535",왕십리도선동,"02","1층외",2065459,158656,179311,71
"2022","4","11200645",옥수동,"01","1층",2693621,171192,198128,9
"2022","4","11200645",옥수동,"00",전체층,3740671,164716,202123,36
"2022","4","11200645",옥수동,"02","1층외",4089688,162557,203454,27
"2022","4","11200720",송정동,"01","1층",1781620,127047,144863,15
"2022","4","11200720",송정동,"00",전체층,2166416,139346,161010,25
"2022","4","11200720",송정동,"02","1층외",2743611,157795,185231,10
"2022","4","11215760",중곡제3동,"00",전체층,2307551,65477,88552,96
"2022","4","11215760",중곡제3동,"01","1층",1679661,80964,97761,60
"2022","4","11215760",중곡제3동,"02","1층외",3354035,39664,73204,36
"2022","4","11230610",답십리제2동,"02","1층외",1827659,51418,69695,56
"2022","4","11230610",답십리제2동,"00",전체층,1575402,69357,85111,115
"2022","4","11230610",답십리제2동,"01","1층",1335972,86383,99743,59
"2022","4","11215860",구의제2동,"00",전체층,1486522,83415,98280,106
"2022","4","11215860",구의제2동,"01","1층",1705638,99267,116323,61
"2022","4","11215860",구의제2동,"02","1층외",1189497,61927,73822,45
"2022","4","11230660",장안제2동,"00",전체층,1372142,74545,88266,166
"2022","4","11230660",장안제2동,"02","1층외",1434177,57885,72226,87
"2022","4","11230660",장안제2동,"01","1층",1303826,92893,105931,79
"2022","4","11260580",상봉제1동,"00",전체층,1732652,77232,94558,39
"2022","4","11260580",상봉제1동,"02","1층외",1393508,37400,51335,13
"2022","4","11260580",상봉제1동,"01","1층",1902223,97148,116170,26
"2022","4","11290580",돈암제1동,"01","1층",3096981,97079,128049,8
"2022","4","11290580",돈암제1동,"00",전체층,0,0,0,12
"2022","4","11290580",돈암제1동,"02","1층외",0,0,0,4
"2022","4","11290630",정릉제2동,"02","1층외",6199212,28439,90431,11
"2022","4","11290630",정릉제2동,"00",전체층,3602702,73933,109960,31
"2022","4","11290630",정릉제2동,"01","1층",2174622,98955,120702,20
"2022","4","11290640",정릉제3동,"02","1층외",0,0,0,4
"2022","4","11290640",정릉제3동,"00",전체층,0,0,0,27
"2022","4","11290640",정릉제3동,"01","1층",2081146,70378,91189,23
"2022","4","11290760",장위제1동,"01","1층",921344,60292,69506,25
"2022","4","11290760",장위제1동,"00",전체층,2266118,48857,71518,46
"2022","4","11290760",장위제1동,"02","1층외",3867040,35243,73913,21
"2022","4","11305555",송천동,"00",전체층,1459777,68731,83329,98
"2022","4","11305555",송천동,"01","1층",1844671,83219,101666,58
"2022","4","11305555",송천동,"02","1층외",901680,47724,56741,40
"2022","4","11320521",도봉제1동,"02","1층외",1372391,74903,88627,16
"2022","4","11320521",도봉제1동,"00",전체층,1401568,79879,93895,82
"2022","4","11320521",도봉제1동,"01","1층",1408641,81086,95172,66
"2022","4","11305625",수유2동,"01","1층",1210510,84656,96762,43
"2022","4","11305625",수유2동,"00",전체층,1092574,77207,88133,63
"2022","4","11305625",수유2동,"02","1층외",839012,61192,69582,20
"2022","4","11320514",창제4동,"00",전체층,1974601,99585,119331,64
"2022","4","11320514",창제4동,"01","1층",2932432,174972,204296,19
"2022","4","11320514",창제4동,"02","1층외",1570183,67755,83457,45
"2022","4","11305603",번2동,"00",전체층,1466700,61964,76631,19
"2022","4","11305603",번2동,"02","1층외",1294836,22567,35515,7
"2022","4","11305603",번2동,"01","1층",1566955,84945,100615,12
"2022","4","11350595",공릉1동,"01","1층",1580198,99948,115750,47
"2022","4","11350595",공릉1동,"00",전체층,1298801,83288,96276,101
"2022","4","11350595",공릉1동,"02","1층외",1053882,68788,79327,54
"2022","4","11350612",하계2동,"02","1층외",3670431,46055,82759,10
"2022","4","11350612",하계2동,"00",전체층,3559919,114567,150166,18
"2022","4","11350612",하계2동,"01","1층",3421779,200208,234426,8
"2022","4","11320690",방학제1동,"01","1층",1799618,111301,129297,97
"2022","4","11320690",방학제1동,"00",전체층,1531946,93647,108967,140
"2022","4","11320690",방학제1동,"02","1층외",928128,53824,63105,43
"2022","4","11350600",공릉2동,"01","1층",1757816,121134,138712,34
"2022","4","11350600",공릉2동,"00",전체층,1554596,112431,127977,55
"2022","4","11350600",공릉2동,"02","1층외",1225574,98341,110596,21
"2022","4","11350625",중계2·3동,"01","1층",4628866,150173,196462,16
"2022","4","11350625",중계2·3동,"00",전체층,7331835,103691,177009,40
"2022","4","11350625",중계2·3동,"02","1층외",9133815,72703,164041,24
"2022","4","11380510",녹번동,"01","1층",1944622,101985,121431,50
"2022","4","11380510",녹번동,"00",전체층,1631369,85057,101371,98
"2022","4","11380510",녹번동,"02","1층외",1305064,67424,80474,48
"2022","4","11350640",상계2동,"00",전체층,3152951,104158,135688,109
"2022","4","11350640",상계2동,"01","1층",2355561,129065,152620,62
"2022","4","11350640",상계2동,"02","1층외",4204827,71302,113351,47
"2022","4","11380590",응암제2동,"02","1층외",2577907,87218,112997,12
"2022","4","11380590",응암제2동,"00",전체층,1870033,84780,103480,27
"2022","4","11380590",응암제2동,"01","1층",1303733,82829,95866,15
"2022","4","11440585",도화동,"01","1층",2941148,133360,162772,29
"2022","4","11440585",도화동,"00",전체층,1669296,104242,120935,79
"2022","4","11440585",도화동,"02","1층외",931622,87354,96670,50
"2022","4","11440600",대흥동,"02","1층외",2962097,112200,141821,35
"2022","4","11440600",대흥동,"00",전체층,2778467,131038,158822,60
"2022","4","11440600",대흥동,"01","1층",2521384,157410,182624,25
"2022","4","11410655",홍제제2동,"00",전체층,2555304,120570,146123,16
"2022","4","11410655",홍제제2동,"01","1층",3506763,134939,170007,7
"2022","4","11410655",홍제제2동,"02","1층외",1815280,109394,127546,9
"2022","4","11470590",신월4동,"02","1층외",744835,58720,66168,10
"2022","4","11470590",신월4동,"00",전체층,1153528,73012,84548,36
"2022","4","11470590",신월4동,"01","1층",1310718,78510,91617,26
"2022","4","11470560",신월1동,"00",전체층,1513884,79503,94642,56
"2022","4","11470560",신월1동,"01","1층",1177861,73563,85342,41
"2022","4","11470560",신월1동,"02","1층외",2432350,95738,120061,15
"2022","4","11470570",신월2동,"02","1층외",2608525,27209,53295,9
"2022","4","11470570",신월2동,"00",전체층,3553137,62721,98253,24
"2022","4","11470570",신월2동,"01","1층",4119904,84028,125227,15
"2022","4","11500540",화곡제1동,"02","1층외",4611599,34326,80442,52
"2022","4","11500540",화곡제1동,"00",전체층,2713687,59853,86990,128
"2022","4","11500540",화곡제1동,"01","1층",1415116,77319,91470,76
"2022","4","11500560",화곡제3동,"01","1층",2132604,105732,127058,39
"2022","4","11500560",화곡제3동,"00",전체층,2679124,85022,111813,71
"2022","4","11500560",화곡제3동,"02","1층외",3345196,59781,93233,32
"2022","4","11500535",등촌제3동,"01","1층",2859946,137442,166042,33
"2022","4","11500535",등촌제3동,"00",전체층,2128152,102083,123365,102
"2022","4","11500535",등촌제3동,"02","1층외",1778163,85172,102954,69
"2022","4","11530510",신도림동,"02","1층외",1935098,95450,114801,31
"2022","4","11530510",신도림동,"00",전체층,2908463,134696,163780,74
"2022","4","11530510",신도림동,"01","1층",3610192,162989,199091,43
"2022","4","11530520",구로제1동,"01","1층",1727354,112761,130035,7
"2022","4","11530520",구로제1동,"00",전체층,2188477,81326,103211,16
"2022","4","11530520",구로제1동,"02","1층외",2547129,56877,82348,9
"2022","4","11530595",가리봉동,"02","1층외",5884542,64272,123118,11
"2022","4","11530595",가리봉동,"00",전체층,3087051,104070,134941,31
"2022","4","11530595",가리봉동,"01","1층",1548431,125959,141444,20
"2022","4","11545610",독산제1동,"02","1층외",1611870,56422,72540,118
"2022","4","11545610",독산제1동,"00",전체층,1450157,68084,82585,182
"2022","4","11545610",독산제1동,"01","1층",1151999,89586,101106,64
"2022","4","11530760",개봉제3동,"01","1층",1968485,120865,140550,29
"2022","4","11530760",개봉제3동,"00",전체층,1813816,95692,113830,46
"2022","4","11530760",개봉제3동,"02","1층외",1549971,52751,68250,17
"2022","4","11530770",오류제1동,"00",전체층,2461497,104259,128874,36
"2022","4","11530770",오류제1동,"01","1층",3457827,135824,170402,15
"2022","4","11530770",오류제1동,"02","1층외",1749833,81713,99211,21
"2022","4","11560540",여의동,"02","1층외",1012819,104085,114213,242
"2022","4","11560540",여의동,"00",전체층,1255353,124046,136600,293
"2022","4","11560540",여의동,"01","1층",2406199,218766,242828,51
"2022","4","11560515",영등포본동,"02","1층외",3022823,58726,88955,29
"2022","4","11560515",영등포본동,"00",전체층,2655516,79983,106538,52
"2022","4","11560515",영등포본동,"01","1층",2192390,106785,128709,23
"2022","4","11560610",양평제1동,"02","1층외",1812183,68514,86636,37
"2022","4","11560610",양평제1동,"00",전체층,1587091,83938,99809,79
"2022","4","11560610",양평제1동,"01","1층",1388795,97525,111413,42
"2022","4","11560670",신길제5동,"00",전체층,0,0,0,9
"2022","4","11560670",신길제5동,"01","1층",1743252,98072,115505,9
"2022","4","11560720",대림제3동,"02","1층외",2026423,49961,70225,40
"2022","4","11560720",대림제3동,"00",전체층,1685900,84695,101554,95
"2022","4","11560720",대림제3동,"01","1층",1438247,109957,124339,55
"2022","4","11590530",상도제1동,"02","1층외",6332660,71532,134859,45
"2022","4","11590530",상도제1동,"00",전체층,3860285,99912,138515,106
"2022","4","11590530",상도제1동,"01","1층",2036402,120848,141212,61
"2022","4","11620525",보라매동,"02","1층외",1879344,60162,78955,26
"2022","4","11620525",보라매동,"00",전체층,1547461,75503,90977,69
"2022","4","11620525",보라매동,"01","1층",1346788,84779,98247,43
"2022","4","11620625",인헌동,"00",전체층,2325886,99241,122499,61
"2022","4","11620625",인헌동,"01","1층",2573543,126963,152698,37
"2022","4","11620625",인헌동,"02","1층외",1944081,56502,75943,24
"2022","4","11620545",청림동,"01","1층",2655342,86622,113176,9
"2022","4","11620545",청림동,"00",전체층,3224269,88669,120911,15
"2022","4","11620545",청림동,"02","1층외",4077660,91738,132515,6
"2022","4","11680521",논현1동,"01","1층",2618541,180201,206387,70
"2022","4","11680521",논현1동,"00",전체층,1886661,145730,164597,224
"2022","4","11680521",논현1동,"02","1층외",1553988,130061,145601,154
"2022","4","11650590",방배본동,"02","1층외",603256,49260,55292,33
"2022","4","11650590",방배본동,"00",전체층,1059280,81143,91736,56
"2022","4","11650590",방배본동,"01","1층",1713576,126890,144026,23
"2022","4","11680565",청담동,"00",전체층,2834549,133960,162306,145
"2022","4","11680565",청담동,"01","1층",2586986,179463,205333,34
"2022","4","11680565",청담동,"02","1층외",2910379,120022,149126,111
"2022","4","11680610",대치2동,"01","1층",2111750,208453,229570,24
"2022","4","11680610",대치2동,"00",전체층,1232587,148915,161241,104
"2022","4","11680610",대치2동,"02","1층외",968838,131053,140742,80
"2022","4","11710520",풍납2동,"02","1층외",1563800,48646,64284,20
"2022","4","11710520",풍납2동,"00",전체층,1839009,74576,92966,40
"2022","4","11710520",풍납2동,"01","1층",2114217,100505,121647,20
"2022","4","11680660",개포1동,"02","1층외",0,0,0,2
"2022","4","11680660",개포1동,"00",전체층,0,0,0,4
"2022","4","11680660",개포1동,"01","1층",0,0,0,2
"2022","4","11710580",송파1동,"00",전체층,2955118,173958,203510,118
"2022","4","11710580",송파1동,"02","1층외",3448025,159311,193791,56
"2022","4","11710580",송파1동,"01","1층",2509911,187188,212287,62
"2022","4","11740640",성내제1동,"02","1층외",1384600,43245,57091,63
"2022","4","11740640",성내제1동,"00",전체층,1326879,63800,77068,121
"2022","4","11740640",성내제1동,"01","1층",1264183,86126,98768,58
"2022","4","11740700",둔촌제2동,"01","1층",1882466,88314,107138,42
"2022","4","11740700",둔촌제2동,"00",전체층,1433173,81054,95386,67
"2022","4","11740700",둔촌제2동,"02","1층외",678361,68859,75643,25
"2022","4","11110540",삼청동,"02","1층외",2132722,114337,135664,8
"2022","4","11110540",삼청동,"00",전체층,2360558,159091,182697,29
"2022","4","11110540",삼청동,"01","1층",2447352,176141,200614,21
"2022","4","11110650",혜화동,"00",전체층,2798251,156261,184243,61
"2022","4","11110650",혜화동,"01","1층",3343881,183617,217056,34
"2022","4","11110650",혜화동,"02","1층외",2111162,121812,142923,27
"2022","4","11140540",회현동,"02","1층외",4556635,216520,262087,212
"2022","4","11140540",회현동,"00",전체층,5234689,246976,299323,335
"2022","4","11140540",회현동,"01","1층",6403367,299469,363503,123
"2022","4","11140580",장충동,"01","1층",2007608,166002,186078,17
"2022","4","11140580",장충동,"00",전체층,1644479,143188,159633,34
"2022","4","11140580",장충동,"02","1층외",1281351,120375,133189,17
"2022","4","11140635",약수동,"01","1층",3483562,224756,259591,26
"2022","4","11140635",약수동,"02","1층외",5281344,139732,192546,24
"2022","4","11140635",약수동,"00",전체층,4346498,183944,227409,50
"2022","4","11140670",황학동,"01","1층",2639477,143950,170345,50
"2022","4","11140670",황학동,"02","1층외",3671756,197987,234705,20
"2022","4","11140670",황학동,"00",전체층,2934414,159389,188733,70
"2022","4","11140680",중림동,"01","1층",2863650,209224,237860,17
"2022","4","11140680",중림동,"02","1층외",3471526,199804,234520,13
"2022","4","11140680",중림동,"00",전체층,3127063,205142,236412,30
"2022","4","11170625",한강로동,"02","1층외",1647434,97816,114290,183
"2022","4","11170625",한강로동,"01","1층",1879984,119684,138484,70
"2022","4","11170625",한강로동,"00",전체층,1711776,103867,120984,253
"2022","4","11170630",이촌제1동,"02","1층외",2158443,97034,118619,13
"2022","4","11170630",이촌제1동,"01","1층",5559507,284934,340529,24
"2022","4","11170630",이촌제1동,"00",전체층,4364538,218915,262560,37
"2022","4","11170685",한남동,"01","1층",1610198,122163,138265,50
"2022","4","11170685",한남동,"00",전체층,1785040,114976,132826,126
"2022","4","11170685",한남동,"02","1층외",1900068,110247,129248,76
"2022","4","11170690",서빙고동,"02","1층외",3134507,50368,81713,7
"2022","4","11170690",서빙고동,"00",전체층,1942617,67646,87072,17
"2022","4","11170690",서빙고동,"01","1층",1108294,79741,90824,10
"2022","4","11170700",보광동,"01","1층",2721059,92827,120038,39
"2022","4","11170700",보광동,"02","1층외",785948,64281,72140,9
"2022","4","11170700",보광동,"00",전체층,2358226,87475,111057,48
"2022","4","11200570",행당제2동,"02","1층외",6158688,151822,213408,10
"2022","4","11200570",행당제2동,"01","1층",2710396,160461,187565,14
"2022","4","11200570",행당제2동,"00",전체층,4147185,156861,198333,24
"2022","4","11215750",중곡제2동,"01","1층",1719496,87163,104358,79
"2022","4","11215750",중곡제2동,"02","1층외",2888381,52075,80959,61
"2022","4","11215750",중곡제2동,"00",전체층,2228796,71875,94163,140
"2022","4","11215820",자양제1동,"02","1층외",1160681,46317,57924,54
"2022","4","11215820",자양제1동,"01","1층",2087392,112704,133578,103
"2022","4","11215820",자양제1동,"00",전체층,1768651,89870,107557,157
"2022","4","11230545",제기동,"02","1층외",1018566,50765,60950,58
"2022","4","11230545",제기동,"01","1층",2038902,99865,120254,154
"2022","4","11230545",제기동,"00",전체층,1759753,86432,104030,212
"2022","4","11230560",전농제1동,"02","1층외",3808866,37127,75215,47
"2022","4","11230560",전농제1동,"01","1층",1574713,86412,102159,66
"2022","4","11230560",전농제1동,"00",전체층,2503962,65913,90953,113
"2022","4","11230710",회기동,"02","1층외",1809050,83726,101817,21
"2022","4","11230710",회기동,"01","1층",2118126,125247,146428,26
"2022","4","11230710",회기동,"00",전체층,1980028,106695,126495,47
"2022","4","11260620",묵제1동,"02","1층외",1630018,61697,77997,21
"2022","4","11260620",묵제1동,"01","1층",1940983,117911,137320,24
"2022","4","11260620",묵제1동,"00",전체층,1795866,91678,109636,45
"2022","4","11290705",종암동,"01","1층",1420462,87431,101636,44
"2022","4","11290705",종암동,"00",전체층,1630719,80760,97067,75
"2022","4","11290705",종암동,"02","1층외",1929148,71292,90584,31
"2022","4","11305545",송중동,"01","1층",2094806,114734,135682,58
"2022","4","11305545",송중동,"02","1층외",1046023,58230,68691,41
"2022","4","11305545",송중동,"00",전체층,1660462,91334,107938,99
"2022","4","11290725",월곡제2동,"01","1층",1885555,111591,130447,43
"2022","4","11290725",월곡제2동,"02","1층외",1316143,60874,74035,34
"2022","4","11290725",월곡제2동,"00",전체층,1634127,89196,105538,77
"2022","4","11290780",장위제3동,"01","1층",1750750,113188,130696,14
"2022","4","11290780",장위제3동,"00",전체층,1358283,83878,97461,29
"2022","4","11290780",장위제3동,"02","1층외",991981,56522,66442,15
"2022","4","11320512",창제2동,"01","1층",1322482,85020,98245,39
"2022","4","11320512",창제2동,"02","1층외",2591946,28497,54416,24
"2022","4","11320512",창제2동,"00",전체층,1806088,63487,81548,63
"2022","4","11305635",수유3동,"02","1층외",1312088,56628,69749,45
"2022","4","11305635",수유3동,"01","1층",1697427,109527,126502,104
"2022","4","11305635",수유3동,"00",전체층,1581050,93551,109362,149
"2022","4","11320515",창제5동,"01","1층",2651711,141123,167640,42
"2022","4","11320515",창제5동,"02","1층외",3088742,42942,73829,38
"2022","4","11320515",창제5동,"00",전체층,2859300,94487,123080,80
"2022","4","11320680",쌍문제3동,"02","1층외",1473233,53644,68376,22
"2022","4","11320680",쌍문제3동,"01","1층",2116713,126072,147239,31
"2022","4","11320680",쌍문제3동,"00",전체층,1849608,96007,114503,53
"2022","4","11350665",상계3·4동,"02","1층외",535916,255104,260463,18
"2022","4","11350665",상계3·4동,"00",전체층,1431709,154578,168895,50
"2022","4","11350665",상계3·4동,"01","1층",1935592,98032,117388,32
"2022","4","11440555",아현동,"01","1층",3141869,185954,217372,24
"2022","4","11440555",아현동,"02","1층외",1177856,98316,110094,41
"2022","4","11440555",아현동,"00",전체층,1903030,130674,149705,65
"2022","4","11410685",홍은제2동,"01","1층",1426455,99093,113357,28
"2022","4","11410685",홍은제2동,"02","1층외",2639546,38391,64787,21
"2022","4","11410685",홍은제2동,"00",전체층,1946351,73078,92541,49
"2022","4","11440655",서강동,"01","1층",2628917,208543,234832,39
"2022","4","11440655",서강동,"02","1층외",2338261,141373,164756,63
"2022","4","11440655",서강동,"00",전체층,2449394,167056,191550,102
"2022","4","11440700",망원제2동,"02","1층외",1289390,85001,97895,44
"2022","4","11440700",망원제2동,"01","1층",2121780,145344,166562,52
"2022","4","11440700",망원제2동,"00",전체층,1740268,117687,135089,96
"2022","4","11500520",등촌제1동,"01","1층",2304810,135259,158307,35
"2022","4","11500520",등촌제1동,"02","1층외",1884631,66164,85010,50
"2022","4","11500520",등촌제1동,"00",전체층,2057645,94615,115191,85
"2022","4","11470670",신정6동,"02","1층외",1029055,69235,79526,7
"2022","4","11470670",신정6동,"01","1층",3385417,155942,189796,8
"2022","4","11470670",신정6동,"00",전체층,2285781,115479,138336,15
"2022","4","11470680",신정7동,"02","1층외",2841278,63308,91721,22
"2022","4","11470680",신정7동,"01","1층",1936211,90730,110092,11
"2022","4","11470680",신정7동,"00",전체층,2539589,72449,97845,33
"2022","4","11500591",화곡제6동,"02","1층외",3137060,85541,116912,51
"2022","4","11500591",화곡제6동,"01","1층",1835556,125193,143548,47
"2022","4","11500591",화곡제6동,"00",전체층,2512870,104558,129686,98
"2022","4","11530530",구로제2동,"02","1층외",1151488,93794,105309,166
"2022","4","11530530",구로제2동,"01","1층",1666253,128128,144790,101
"2022","4","11530530",구로제2동,"00",전체층,1346212,106782,120244,267
"2022","4","11500620",공항동,"01","1층",1650120,104727,121228,57
"2022","4","11500620",공항동,"00",전체층,1575877,85614,101373,101
"2022","4","11500620",공항동,"02","1층외",1479699,60855,75652,44
"2022","4","11545510",가산동,"02","1층외",825760,76365,84623,496
"2022","4","11545510",가산동,"00",전체층,954856,83123,92671,576
"2022","4","11545510",가산동,"01","1층",1755257,125020,142572,80
"2022","4","11530730",고척제2동,"01","1층",1748131,110281,127763,29
"2022","4","11530730",고척제2동,"00",전체층,1790049,87339,105239,48
"2022","4","11530730",고척제2동,"02","1층외",1854029,52321,70861,19
"2022","4","11560560",당산제2동,"01","1층",2004663,119351,139398,51
"2022","4","11560560",당산제2동,"02","1층외",2240664,92318,114725,71
"2022","4","11560560",당산제2동,"00",전체층,2142008,103619,125039,122
"2022","4","11545670",시흥제1동,"02","1층외",1053641,59372,69908,46
"2022","4","11545670",시흥제1동,"01","1층",2122932,119058,140288,78
"2022","4","11545670",시흥제1동,"00",전체층,1726260,96917,114179,124
"2022","4","11545630",독산제3동,"02","1층외",1902172,37543,56565,34
"2022","4","11545630",독산제3동,"01","1층",1624523,96968,113213,51
"2022","4","11545630",독산제3동,"00",전체층,1735583,73198,90554,85
"2022","4","11590520",노량진제2동,"01","1층",4401960,168584,212604,33
"2022","4","11590520",노량진제2동,"02","1층외",4215201,137337,179489,24
"2022","4","11590520",노량진제2동,"00",전체층,4323325,155428,198661,57
"2022","4","11560680",신길제6동,"01","1층",1878616,103672,122458,40
"2022","4","11560680",신길제6동,"00",전체층,2231067,92234,114544,59
"2022","4","11560680",신길제6동,"02","1층외",2973068,68152,97883,19
"2022","4","11590670",신대방제1동,"02","1층외",1137864,66090,77468,15
"2022","4","11590670",신대방제1동,"01","1층",1783104,116620,134451,33
"2022","4","11590670",신대방제1동,"00",전체층,1581466,100829,116644,48
"2022","4","11590550",상도제3동,"01","1층",2739447,157876,185271,59
"2022","4","11590550",상도제3동,"00",전체층,2378651,119061,142847,97
"2022","4","11590550",상도제3동,"02","1층외",1818468,58795,76979,38
"2022","4","11590560",상도제4동,"02","1층외",1713290,42553,59686,27
"2022","4","11590560",상도제4동,"01","1층",1778921,96944,114733,39
"2022","4","11590560",상도제4동,"00",전체층,1752072,74693,92214,66
"2022","4","11620695",신림동,"02","1층외",2930859,71776,101085,52
"2022","4","11620695",신림동,"01","1층",2368944,160531,184220,48
"2022","4","11620695",신림동,"00",전체층,2661140,114378,140990,100
"2022","4","11620565",성현동,"01","1층",2292028,86578,109498,20
"2022","4","11620565",성현동,"02","1층외",1589322,69506,85399,11
"2022","4","11620565",성현동,"00",전체층,2042681,80520,100947,31
"2022","4","11620630",남현동,"01","1층",5970433,125071,184775,12
"2022","4","11620630",남현동,"00",전체층,3571009,129195,164905,23
"2022","4","11620630",남현동,"02","1층외",953456,133694,143229,11
"2022","4","11620725",조원동,"01","1층",2127693,118696,139973,52
"2022","4","11620725",조원동,"02","1층외",1258162,54674,67255,32
"2022","4","11620725",조원동,"00",전체층,1796444,94307,112271,84
"2022","4","11650652",양재2동,"02","1층외",954325,88920,98464,102
"2022","4","11650652",양재2동,"01","1층",1416180,87919,102080,48
"2022","4","11650652",양재2동,"00",전체층,1102119,88600,99621,150
"2022","4","11650610",방배2동,"01","1층",1655660,123397,139954,24
"2022","4","11650610",방배2동,"02","1층외",1384648,96455,110301,37
"2022","4","11650610",방배2동,"00",전체층,1491275,107055,121968,61
"2022","4","11680655",도곡1동,"01","1층",3299735,167436,200433,22
"2022","4","11680655",도곡1동,"02","1층외",3494117,157530,192471,37
"2022","4","11680655",도곡1동,"00",전체층,3421635,161224,195440,59
"2022","4","11680600",대치1동,"02","1층외",4601557,142938,188954,21
"2022","4","11680600",대치1동,"01","1층",4458187,242584,287165,17
"2022","4","11680600",대치1동,"00",전체층,4537418,187516,232890,38
"2022","4","11710531",거여1동,"02","1층외",1602605,86424,102451,15
"2022","4","11710531",거여1동,"01","1층",3094730,208177,239124,15
"2022","4","11710531",거여1동,"00",전체층,2348668,147301,170787,30
"2022","4","11710532",거여2동,"02","1층외",5379354,37359,91152,15
"2022","4","11710532",거여2동,"01","1층",2933748,208787,238124,21
"2022","4","11710532",거여2동,"00",전체층,3952750,137358,176886,36
"2022","4","11710600",석촌동,"02","1층외",3304906,150914,183963,80
"2022","4","11710600",석촌동,"01","1층",3104694,205576,236623,68
"2022","4","11710600",석촌동,"00",전체층,3212917,176029,208158,148
"2022","4","11740610",천호제2동,"01","1층",1978263,90205,109987,95
"2022","4","11740610",천호제2동,"02","1층외",3910309,62440,101543,72
"2022","4","11740610",천호제2동,"00",전체층,2811241,78234,106347,167
"2022","4","11710710",잠실6동,"02","1층외",2233970,104078,126418,42
"2022","4","11710710",잠실6동,"01","1층",3226096,170756,203017,13
"2022","4","11710710",잠실6동,"00",전체층,2468472,119838,144523,55
"2022","4","11740570",암사제1동,"01","1층",2170009,107282,128982,61
"2022","4","11740570",암사제1동,"02","1층외",3080045,48201,79001,38
"2022","4","11740570",암사제1동,"00",전체층,2519316,84604,109798,99
"2022","4","11110670",창신제1동,"01","1층",2311328,181165,204278,55
"2022","4","11110670",창신제1동,"02","1층외",1390951,142189,156099,77
"2022","4","11110670",창신제1동,"00",전체층,1774442,158429,176174,132
"2022","4","11140605",을지로동,"02","1층외",1614797,143035,159183,170
"2022","4","11140605",을지로동,"01","1층",3317294,281489,314662,113
"2022","4","11140605",을지로동,"00",전체층,2294592,198318,221264,283
"2022","4","11140650",신당제5동,"02","1층외",3510170,198793,233894,35
"2022","4","11140650",신당제5동,"01","1층",2450965,173959,198469,30
"2022","4","11140650",신당제5동,"00",전체층,3021306,187331,217544,65
"2022","4","11110710",숭인제2동,"01","1층",1647927,140484,156963,30
"2022","4","11110710",숭인제2동,"00",전체층,1155115,104164,115715,81
"2022","4","11110710",숭인제2동,"02","1층외",865226,82800,91452,51
"2022","4","11200620",금호4가동,"02","1층외",3511798,166944,202062,16
"2022","4","11200620",금호4가동,"01","1층",3167578,216793,248469,17
"2022","4","11200620",금호4가동,"00",전체층,3334473,192624,225968,33
"2022","4","11200520",왕십리제2동,"01","1층",2381285,146963,170776,21
"2022","4","11200520",왕십리제2동,"00",전체층,2693275,131617,158550,38
"2022","4","11200520",왕십리제2동,"02","1층외",3078675,112661,143447,17
"2022","4","11215840",자양제3동,"02","1층외",1492316,77243,92166,44
"2022","4","11215840",자양제3동,"00",전체층,1900539,102463,121469,106
"2022","4","11215840",자양제3동,"01","1층",2190245,120361,142264,62
"2022","4","11215740",중곡제1동,"01","1층",1494758,109712,124660,71
"2022","4","11215740",중곡제1동,"00",전체층,1274403,84300,97045,117
"2022","4","11215740",중곡제1동,"02","1층외",934289,45078,54421,46
"2022","4","11200670",성수2가제1동,"01","1층",1963955,126216,145855,64
"2022","4","11200670",성수2가제1동,"02","1층외",2705132,132262,159314,71
"2022","4","11200670",성수2가제1동,"00",전체층,2353759,129396,152933,135
"2022","4","11230536",용신동,"02","1층외",1100170,69966,80967,151
"2022","4","11230536",용신동,"01","1층",1287237,89852,102724,141
"2022","4","11230536",용신동,"00",전체층,1190500,79568,91473,292
"2022","4","11290525",성북동,"01","1층",3016343,98043,128206,37
"2022","4","11290525",성북동,"02","1층외",2253550,51866,74401,30
"2022","4","11290525",성북동,"00",전체층,2674794,77366,104114,67
"2022","4","11350611",하계1동,"02","1층외",1876810,54260,73028,19
"2022","4","11350611",하계1동,"01","1층",1577412,87666,103440,16
"2022","4","11350611",하계1동,"00",전체층,1739942,69532,86931,35
"2022","4","11350580",월계3동,"01","1층",1758274,108136,125719,8
"2022","4","11350580",월계3동,"02","1층외",2732289,58623,85946,11
"2022","4","11350580",월계3동,"00",전체층,2322177,79470,102692,19
"2022","4","11410720",북가좌제2동,"01","1층",1549974,94665,110165,54
"2022","4","11410720",북가좌제2동,"00",전체층,1947122,77227,96699,85
"2022","4","11410720",북가좌제2동,"02","1층외",2638928,46852,73241,31
"2022","4","11440630",신수동,"01","1층",1910339,126485,145588,30
"2022","4","11440630",신수동,"02","1층외",859568,121170,129766,34
"2022","4","11440630",신수동,"00",전체층,1352117,123661,137182,64
"2022","4","11530560",구로제5동,"01","1층",2200058,133849,155850,36
"2022","4","11530560",구로제5동,"02","1층외",1226609,89320,101586,94
"2022","4","11530560",구로제5동,"00",전체층,1496180,101651,116613,130
"2022","4","11545700",시흥제4동,"01","1층",1625806,70131,86389,12
"2022","4","11545700",시흥제4동,"00",전체층,0,0,0,16
"2022","4","11590680",신대방제2동,"02","1층외",944645,63390,72836,26
"2022","4","11590680",신대방제2동,"01","1층",1867850,134753,153431,37
"2022","4","11590680",신대방제2동,"00",전체층,1486845,105301,120170,63
"2022","4","11590660",대방동,"00",전체층,1713849,79726,96864,117
"2022","4","11590660",대방동,"02","1층외",1503626,59284,74321,57
"2022","4","11590660",대방동,"01","1층",1913562,99145,118280,60
"2022","4","11620595",청룡동,"00",전체층,1946659,113475,132942,110
"2022","4","11620595",청룡동,"02","1층외",1932714,95097,114424,42
"2022","4","11620595",청룡동,"01","1층",1955272,124826,144379,68
"2022","4","11650510",서초1동,"01","1층",1833151,131646,149977,38
"2022","4","11650510",서초1동,"02","1층외",1274652,109725,122471,53
"2022","4","11650510",서초1동,"00",전체층,1507872,118879,133957,91
"2022","4","11650531",서초4동,"02","1층외",1212661,120621,132748,59
"2022","4","11650531",서초4동,"01","1층",2767445,180792,208466,27
"2022","4","11650531",서초4동,"00",전체층,1700791,139512,156520,86
"2022","4","11620765",미성동,"02","1층외",3084476,58126,88971,28
"2022","4","11620765",미성동,"00",전체층,2564957,81795,107445,74
"2022","4","11620765",미성동,"01","1층",2248728,96203,118690,46
"2022","4","11650580",반포3동,"01","1층",2049668,149162,169659,8
"2022","4","11650580",반포3동,"02","1층외",1317437,78156,91330,15
"2022","4","11650580",반포3동,"00",전체층,1572126,102854,118575,23
"2022","4","11680656",도곡2동,"02","1층외",3730282,108613,145916,49
"2022","4","11680656",도곡2동,"01","1층",1581510,127080,142895,13
"2022","4","11680656",도곡2동,"00",전체층,3279733,112485,145283,62
"2022","4","11710550",마천2동,"01","1층",1816283,107006,125169,20
"2022","4","11710550",마천2동,"02","1층외",5017496,113303,163478,13
"2022","4","11710550",마천2동,"00",전체층,3077367,109487,140260,33
"2022","4","11710642",문정2동,"01","1층",2600015,186365,212365,101
"2022","4","11710642",문정2동,"02","1층외",1896876,107779,126748,259
"2022","4","11710642",문정2동,"00",전체층,2094146,129827,150768,360
"2022","4","11110560",평창동,"01","1층",5769923,74487,132186,11
"2022","4","11110560",평창동,"02","1층외",1352932,98223,111752,14
"2022","4","11110560",평창동,"00",전체층,3296408,87779,120743,25
"2022","4","11140570",필동,"01","1층",2659625,219423,246019,38
"2022","4","11140570",필동,"02","1층외",1381554,119033,132848,75
"2022","4","11140570",필동,"00",전체층,1811348,152792,170906,113
"2022","4","11230650",장안제1동,"02","1층외",747277,64394,71867,138
"2022","4","11230650",장안제1동,"01","1층",1335304,90651,104005,125
"2022","4","11230650",장안제1동,"00",전체층,1026758,76874,87142,263
"2022","4","11215850",구의제1동,"02","1층외",2273109,67892,90623,83
"2022","4","11215850",구의제1동,"00",전체층,2050749,89256,109763,187
"2022","4","11215850",구의제1동,"01","1층",1873289,106306,125039,104
"2022","4","11260610",중화제2동,"01","1층",1603361,107481,123515,27
"2022","4","11260610",중화제2동,"00",전체층,1395039,70991,84942,61
"2022","4","11260610",중화제2동,"02","1층외",1229606,42014,54310,34
"2022","4","11290590",돈암제2동,"02","1층외",2142789,166054,187482,10
"2022","4","11290590",돈암제2동,"01","1층",1872962,105962,124692,5
"2022","4","11290590",돈암제2동,"00",전체층,2052847,146023,166552,15
"2022","4","11290685",길음제2동,"02","1층외",5166575,65412,117077,30
"2022","4","11290685",길음제2동,"01","1층",1711161,86807,103919,21
"2022","4","11290685",길음제2동,"00",전체층,3743758,74222,111659,51
"2022","4","11320660",쌍문제1동,"02","1층외",3484381,30923,65767,21
"2022","4","11320660",쌍문제1동,"01","1층",1201636,65912,77928,34
"2022","4","11320660",쌍문제1동,"00",전체층,2073229,52552,73285,55
"2022","4","11380625",역촌동,"01","1층",1647878,92247,108726,97
"2022","4","11380625",역촌동,"02","1층외",1705014,48552,65602,50
"2022","4","11380625",역촌동,"00",전체층,1667312,77385,94058,147
"2022","4","11380631",신사제1동,"02","1층외",2253186,56863,79395,26
"2022","4","11380631",신사제1동,"01","1층",1328271,88952,102235,34
"2022","4","11380631",신사제1동,"00",전체층,1729067,75047,92338,60
"2022","4","11410660",홍은제1동,"02","1층외",2785215,78960,106812,21
"2022","4","11410660",홍은제1동,"01","1층",1889499,80506,99401,28
"2022","4","11410660",홍은제1동,"00",전체층,2273377,79843,102577,49
"2022","4","11470630",신정2동,"01","1층",3177398,94632,126406,26
"2022","4","11470630",신정2동,"02","1층외",2034352,40417,60760,16
"2022","4","11470630",신정2동,"00",전체층,2741952,73978,101398,42
"2022","4","11500510",염창동,"01","1층",1524245,110463,125705,36
"2022","4","11500510",염창동,"02","1층외",1803415,54615,72649,49
"2022","4","11500510",염창동,"00",전체층,1685178,78268,95120,85
"2022","4","11500603",가양제1동,"02","1층외",1506997,97937,113007,307
"2022","4","11500603",가양제1동,"01","1층",2916258,219587,248750,97
"2022","4","11500603",가양제1동,"00",전체층,1845359,127145,145598,404
"2022","4","11500604",가양제2동,"00",전체층,0,0,0,10
"2022","4","11500604",가양제2동,"01","1층",0,0,0,3
"2022","4","11500604",가양제2동,"02","1층외",2845941,36328,64788,7
"2022","4","11560690",신길제7동,"02","1층외",1344400,74955,88399,11
"2022","4","11560690",신길제7동,"01","1층",1335359,103070,116423,17
"2022","4","11560690",신길제7동,"00",전체층,1338911,92024,105414,28
"2022","4","11560710",대림제2동,"01","1층",2181796,157745,179563,35
"2022","4","11560710",대림제2동,"00",전체층,2252112,139100,161621,59
"2022","4","11560710",대림제2동,"02","1층외",2354657,111909,135455,24
"2022","4","11590651",사당제5동,"01","1층",1345490,98571,112026,9
"2022","4","11590651",사당제5동,"02","1층외",2089957,82852,103752,5
"2022","4","11590651",사당제5동,"00",전체층,1611371,92957,109071,14
"2022","4","11620615",중앙동,"01","1층",2510571,131704,156810,29
"2022","4","11620615",중앙동,"02","1층외",1149070,55193,66683,20
"2022","4","11620615",중앙동,"00",전체층,1954856,100475,120023,49
"2022","4","11710631",가락1동,"01","1층",1569528,95684,111380,88
"2022","4","11710631",가락1동,"02","1층외",3804990,159305,197355,40
"2022","4","11710631",가락1동,"00",전체층,2268110,115566,138247,128
"2022","4","11110530",사직동,"01","1층",3876976,207889,246659,40
"2022","4","11110530",사직동,"02","1층외",1052429,89923,100447,108
"2022","4","11110530",사직동,"00",전체층,1815820,121806,139964,148
"2022","4","11110640",이화동,"01","1층",2862058,190177,218797,27
"2022","4","11110640",이화동,"02","1층외",2520630,127805,153011,14
"2022","4","11110640",이화동,"00",전체층,2745473,168879,196334,41
"2022","4","11200650",성수1가제1동,"02","1층외",3685134,169992,206843,37
"2022","4","11200650",성수1가제1동,"01","1층",955688,99249,108806,24
"2022","4","11200650",성수1가제1동,"00",전체층,2611254,142159,168271,61
"2022","4","11200690",성수2가제3동,"01","1층",2257775,164286,186863,79
"2022","4","11200690",성수2가제3동,"02","1층외",1611148,143648,159759,189
"2022","4","11200690",성수2가제3동,"00",전체층,1801759,149731,167749,268
"2022","4","11230720",휘경제1동,"01","1층",2491544,118034,142949,25
"2022","4","11230720",휘경제1동,"02","1층외",743641,41504,48941,15
"2022","4","11230720",휘경제1동,"00",전체층,1836080,89335,107696,40
"2022","4","11260550",면목제5동,"02","1층외",2079955,46765,67564,16
"2022","4","11260550",면목제5동,"00",전체층,2028053,73045,93325,31
"2022","4","11260550",면목제5동,"01","1층",1972691,101076,120803,15
"2022","4","11305534",삼양동,"01","1층",4732843,79803,127132,26
"2022","4","11305534",삼양동,"00",전체층,3737449,72678,110053,40
"2022","4","11305534",삼양동,"02","1층외",1888859,59446,78335,14
"2022","4","11305608",번3동,"01","1층",2285112,129733,152584,11
"2022","4","11305608",번3동,"00",전체층,1541528,85553,100968,20
"2022","4","11305608",번3동,"02","1층외",632702,31555,37882,9
"2022","4","11320710",방학제3동,"02","1층외",2814119,36058,64199,13
"2022","4","11320710",방학제3동,"01","1층",2193998,62283,84223,10
"2022","4","11320710",방학제3동,"00",전체층,2544501,47460,72905,23
"2022","4","11350624",중계4동,"00",전체층,1545374,84479,99933,31
"2022","4","11350624",중계4동,"01","1층",2243042,124980,147410,16
"2022","4","11350624",중계4동,"02","1층외",801195,41279,49291,15
"2022","4","11350710",상계9동,"02","1층외",4480887,36519,81328,15
"2022","4","11350710",상계9동,"00",전체층,3570009,58359,94059,23
"2022","4","11350710",상계9동,"01","1층",1862111,99309,117930,8
"2022","4","11380560",구산동,"01","1층",2257239,100306,122878,27
"2022","4","11380560",구산동,"02","1층외",10308990,32686,135776,25
"2022","4","11380560",구산동,"00",전체층,6128273,67796,129079,52
"2022","4","11380690",진관동,"01","1층",1879930,121624,140423,72
"2022","4","11380690",진관동,"02","1층외",4106836,82079,123147,52
"2022","4","11380690",진관동,"00",전체층,2813794,105041,133179,124
"2022","4","11410520",천연동,"01","1층",3148588,111922,143408,15
"2022","4","11410520",천연동,"02","1층외",1468283,59228,73911,17
"2022","4","11410520",천연동,"00",전체층,2255926,83928,106488,32
"2022","4","11440680",합정동,"02","1층외",3398394,110632,144616,92
"2022","4","11440680",합정동,"01","1층",2059454,174138,194733,56
"2022","4","11440680",합정동,"00",전체층,2891768,134661,163579,148
"2022","4","11470520",목2동,"01","1층",3037632,131051,161428,20
"2022","4","11470520",목2동,"02","1층외",3786387,55637,93501,14
"2022","4","11470520",목2동,"00",전체층,3345943,99998,133458,34
"2022","4","11470550",목5동,"02","1층외",2260262,86428,109030,23
"2022","4","11470550",목5동,"01","1층",4258830,213901,256489,26
"2022","4","11470550",목5동,"00",전체층,3320727,154067,187274,49
"2022","4","11500593",화곡제8동,"01","1층",1811555,100169,118284,24
"2022","4","11500593",화곡제8동,"00",전체층,4249079,69496,111987,44
"2022","4","11500593",화곡제8동,"02","1층외",7174107,32689,104430,20
"2022","4","11530780",오류제2동,"02","1층외",4708267,58246,105329,30
"2022","4","11530780",오류제2동,"01","1층",2646012,114821,141281,32
"2022","4","11530780",오류제2동,"00",전체층,3643877,87446,123885,62
"2022","4","11560650",신길제3동,"02","1층외",1569649,76480,92176,17
"2022","4","11560650",신길제3동,"01","1층",2302323,87587,110610,37
"2022","4","11560650",신길제3동,"00",전체층,2071667,84090,104807,54
"2022","4","11590640",사당제3동,"01","1층",2692932,199524,226454,16
"2022","4","11590640",사당제3동,"02","1층외",897545,85316,94291,14
"2022","4","11590640",사당제3동,"00",전체층,1855085,146227,164778,30
"2022","4","11650570",반포2동,"02","1층외",2817536,173029,201204,6
"2022","4","11650570",반포2동,"01","1층",5479931,286488,341287,8
"2022","4","11650570",반포2동,"00",전체층,4338905,237863,281252,14
"2022","4","11650520",서초2동,"01","1층",5144192,225692,277134,45
"2022","4","11650520",서초2동,"00",전체층,2196545,158936,180902,225
"2022","4","11650520",서초2동,"02","1층외",1459633,142247,156844,180
"2022","4","11650651",양재1동,"02","1층외",1514980,66918,82068,83
"2022","4","11650651",양재1동,"01","1층",1848071,118738,137218,39
"2022","4","11650651",양재1동,"00",전체층,1621460,83483,99698,122
"2022","4","11740600",천호제1동,"01","1층",1489759,89414,104311,56
"2022","4","11740600",천호제1동,"02","1층외",1377822,58249,72028,32
"2022","4","11740600",천호제1동,"00",전체층,1449055,78081,92572,88
"2022","4","11170580",효창동,"01","1층",2759691,117759,145356,10
"2022","4","11170580",효창동,"02","1층외",1728743,43466,60754,11
"2022","4","11170580",효창동,"00",전체층,2219671,78844,101041,21
"2022","4","11170560",원효로제1동,"02","1층외",953102,64574,74105,45
"2022","4","11170560",원효로제1동,"01","1층",1579210,121776,137568,42
"2022","4","11170560",원효로제1동,"00",전체층,1255361,92188,104742,87
"2022","4","11215810",광장동,"01","1층",3256478,150008,182573,59
"2022","4","11215810",광장동,"02","1층외",2899838,83019,112017,59
"2022","4","11215810",광장동,"00",전체층,3078158,116514,147295,118
"2022","4","11215770",중곡제4동,"02","1층외",4033785,34115,74453,47
"2022","4","11215770",중곡제4동,"01","1층",1716763,100090,117258,61
"2022","4","11215770",중곡제4동,"00",전체층,2725097,71379,98630,108
"2022","4","11230570",전농제2동,"01","1층",2352935,104467,127996,25
"2022","4","11230570",전농제2동,"00",전체층,2826212,85276,113538,40
"2022","4","11230570",전농제2동,"02","1층외",3615006,53291,89441,15
"2022","4","11260570",면목제7동,"02","1층외",3125752,35982,67240,12
"2022","4","11260570",면목제7동,"00",전체층,2209112,84579,106670,38
"2022","4","11260570",면목제7동,"01","1층",1786047,107008,124869,26
"2022","4","11260600",중화제1동,"02","1층외",1877227,39392,58164,16
"2022","4","11260600",중화제1동,"01","1층",1266432,79039,91703,32
"2022","4","11260600",중화제1동,"00",전체층,1470030,65823,80524,48
"2022","4","11290575",동선동,"02","1층외",2033797,75203,95541,46
"2022","4","11290575",동선동,"01","1층",2019223,111683,131876,63
"2022","4","11290575",동선동,"00",전체층,2025373,96288,116542,109
"2022","4","11305575",삼각산동,"01","1층",2514647,121108,146255,17
"2022","4","11305575",삼각산동,"00",전체층,2926190,110441,139703,43
"2022","4","11305575",삼각산동,"02","1층외",3195276,103467,135420,26
"2022","4","11290810",석관동,"02","1층외",498281,38108,43091,31
"2022","4","11290810",석관동,"01","1층",1698233,90946,107928,52
"2022","4","11290810",석관동,"00",전체층,1250058,71211,83712,83
"2022","4","11380551",갈현제1동,"02","1층외",1098120,43653,54634,27
"2022","4","11380551",갈현제1동,"01","1층",2188279,114877,136760,56
"2022","4","11380551",갈현제1동,"00",전체층,1833649,91708,110044,83
"2022","4","11410555",북아현동,"01","1층",2805769,98587,126644,21
"2022","4","11410555",북아현동,"02","1층외",1248131,61236,73718,21
"2022","4","11410555",북아현동,"00",전체층,2026950,79912,100181,42
"2022","4","11410690",남가좌제1동,"02","1층외",2016627,48959,69125,5
"2022","4","11410690",남가좌제1동,"01","1층",2697594,143364,170340,18
"2022","4","11410690",남가좌제1동,"00",전체층,2549558,122841,148337,23
"2022","4","11440610",염리동,"02","1층외",4387603,132017,175893,10
"2022","4","11440610",염리동,"00",전체층,4044760,152307,192755,33
"2022","4","11440610",염리동,"01","1층",3895698,161129,200086,23
"2022","4","11440710",연남동,"02","1층외",1965873,133984,153643,92
"2022","4","11440710",연남동,"01","1층",2493818,166281,191219,70
"2022","4","11440710",연남동,"00",전체층,2193997,147939,169879,162
"2022","4","11470600",신월5동,"01","1층",1752350,60269,77792,19
"2022","4","11470600",신월5동,"02","1층외",5311652,36465,89581,7
"2022","4","11470600",신월5동,"00",전체층,2710624,53860,80966,26
"2022","4","11470640",신정3동,"02","1층외",2691024,36990,63900,19
"2022","4","11470640",신정3동,"01","1층",4252322,125397,167921,16
"2022","4","11470640",신정3동,"00",전체층,3404760,77405,111452,35
"2022","4","11500641",방화제3동,"01","1층",4839245,193122,241515,12
"2022","4","11500641",방화제3동,"02","1층외",642762,39432,45860,14
"2022","4","11500641",방화제3동,"00",전체층,2579600,110366,136162,26
"2022","4","11500605",가양제3동,"00",전체층,2914249,97695,126837,20
"2022","4","11500605",가양제3동,"02","1층외",2270241,53391,76094,14
"2022","4","11500605",가양제3동,"01","1층",4416935,201069,245238,6
"2022","4","11620605",은천동,"01","1층",1613779,102538,118676,46
"2022","4","11620605",은천동,"02","1층외",925279,58216,67468,34
"2022","4","11620605",은천동,"00",전체층,1321167,83701,96913,80
"2022","4","11650550",반포본동,"02","1층외",4222613,196119,238345,7
"2022","4","11650550",반포본동,"00",전체층,0,0,0,11
"2022","4","11650550",반포본동,"01","1층",0,0,0,4
"2022","4","11650581",반포4동,"02","1층외",4080797,124400,165208,60
"2022","4","11650581",반포4동,"01","1층",4011234,168456,208568,31
"2022","4","11650581",반포4동,"00",전체층,4057100,139408,179979,91
"2022","4","11680630",대치4동,"02","1층외",2141259,99199,120612,90
"2022","4","11680630",대치4동,"01","1층",3292450,207825,240750,38
"2022","4","11680630",대치4동,"00",전체층,2483019,131448,156278,128
"2022","4","11680690",개포4동,"02","1층외",1157199,76992,88564,46
"2022","4","11680690",개포4동,"01","1층",1283102,88170,101001,40
"2022","4","11680690",개포4동,"00",전체층,1215758,82191,94349,86
"2022","4","11710680",잠실3동,"02","1층외",3620209,169594,205796,25
"2022","4","11710680",잠실3동,"01","1층",3845835,239417,277875,15
"2022","4","11710680",잠실3동,"00",전체층,3704819,195777,232825,40
"2022","4","11110690",창신제3동,"02","1층외",0,0,0,2
"2022","4","11110690",창신제3동,"01","1층",0,0,0,4
"2022","4","11110690",창신제3동,"00",전체층,0,0,0,6
"2022","4","11200540",마장동,"02","1층외",1994607,107856,127802,51
"2022","4","11200540",마장동,"01","1층",2400609,164546,188552,112
"2022","4","11200540",마장동,"00",전체층,2273578,146809,169545,163
"2022","4","11200550",사근동,"02","1층외",5720051,174266,231466,13
"2022","4","11200550",사근동,"01","1층",3717072,180956,218127,24
"2022","4","11200550",사근동,"00",전체층,4420821,178606,222814,37
"2022","4","11200790",용답동,"02","1층외",2053846,94072,114610,32
"2022","4","11200790",용답동,"01","1층",2113340,152552,173685,29
"2022","4","11200790",용답동,"00",전체층,2082130,121874,142695,61
"2022","4","11290660",길음제1동,"01","1층",2540092,130181,155582,16
"2022","4","11290660",길음제1동,"02","1층외",2421327,133164,157378,18
"2022","4","11290660",길음제1동,"00",전체층,2477216,131761,156533,34
"2022","4","11350621",중계1동,"01","1층",3434834,132773,167121,16
"2022","4","11350621",중계1동,"02","1층외",3377363,77313,111087,30
"2022","4","11350621",중계1동,"00",전체층,3397353,96604,130577,46
"2022","4","11410615",연희동,"02","1층외",1304623,75253,88299,71
"2022","4","11410615",연희동,"00",전체층,1714640,91131,108277,119
"2022","4","11410615",연희동,"01","1층",2321123,114618,137829,48
"2022","4","11470580",신월3동,"02","1층외",529066,41606,46897,11
"2022","4","11470580",신월3동,"00",전체층,949300,71741,81234,29
"2022","4","11470580",신월3동,"01","1층",1206110,90158,102219,18
"2022","4","11590605",흑석동,"01","1층",2508194,121023,146105,55
"2022","4","11590605",흑석동,"02","1층외",2380775,70112,93920,21
"2022","4","11590605",흑석동,"00",전체층,2472987,106956,131685,76
"2022","4","11590620",사당제1동,"02","1층외",3616513,139907,176072,50
"2022","4","11590620",사당제1동,"00",전체층,3406912,123751,157820,123
"2022","4","11590620",사당제1동,"01","1층",3263350,112685,145319,73
"2022","4","11620745",삼성동,"02","1층외",1417133,25205,39376,11
"2022","4","11620745",삼성동,"00",전체층,1406697,72708,86775,39
"2022","4","11620745",삼성동,"01","1층",1402597,91370,105396,28
"2022","4","11620775",난곡동,"02","1층외",3119845,55263,86461,15
"2022","4","11620775",난곡동,"01","1층",2228204,113014,135296,22
"2022","4","11620775",난곡동,"00",전체층,2589680,89601,115498,37
"2022","4","11680720",일원본동,"01","1층",12795670,103169,231125,9
"2022","4","11680720",일원본동,"02","1층외",5541780,61986,117404,6
"2022","4","11680720",일원본동,"00",전체층,9894114,86696,185637,15
"2022","4","11710647",위례동,"02","1층외",4174394,111956,153700,18
"2022","4","11710647",위례동,"01","1층",3872353,237314,276038,32
"2022","4","11710647",위례동,"00",전체층,3981088,192186,231996,50
"2022","4","11740690",둔촌제1동,"01","1층",2096544,115806,136771,698275
"2022","4","11740690",둔촌제1동,"02","1층외",1733027,84982,102313,688143
"2022","4","11740690",둔촌제1동,"00",전체층,1916114,100507,119668,1386418
"2022","4","11200590",금호1가동,"02","1층외",5789528,66746,124642,13
"2022","4","11200590",금호1가동,"00",전체층,4320621,85747,128953,21
"2022","4","11200590",금호1가동,"01","1층",1933646,116624,135960,8
"2022","4","11290555",삼선동,"02","1층외",1564555,55523,71169,42
"2022","4","11290555",삼선동,"01","1층",1770361,98472,116175,51
"2022","4","11290555",삼선동,"00",전체층,1677417,79075,95850,93
"2022","4","11290650",정릉제4동,"01","1층",2502793,108523,133551,16
"2022","4","11290650",정릉제4동,"02","1층외",2299726,18438,41436,10
"2022","4","11290650",정릉제4동,"00",전체층,2424690,73875,98122,26
"2022","4","11380632",신사제2동,"01","1층",1930034,73115,92416,11
"2022","4","11380632",신사제2동,"00",전체층,2429710,63653,87950,26
"2022","4","11380632",신사제2동,"02","1층외",2796138,56714,84676,15
"2022","4","11440690",망원제1동,"02","1층외",2361729,93281,116899,51
"2022","4","11440690",망원제1동,"01","1층",3153906,139197,170736,62
"2022","4","11440690",망원제1동,"00",전체층,2796375,118474,146437,113
"2022","4","11440730",성산제2동,"01","1층",2828978,169766,198056,36
"2022","4","11440730",성산제2동,"00",전체층,4678865,125874,172662,74
"2022","4","11440730",성산제2동,"02","1층외",6431389,84291,148605,38
"2022","4","11470610",신월6동,"02","1층외",4060451,72235,112839,7
"2022","4","11470610",신월6동,"00",전체층,2386455,93716,117581,25
"2022","4","11470610",신월6동,"01","1층",1735456,102070,119424,18
"2022","4","11500611",발산제1동,"02","1층외",1093812,86639,97577,244
"2022","4","11500611",발산제1동,"01","1층",2251827,132632,155151,88
"2022","4","11500611",발산제1동,"00",전체층,1400756,98830,112838,332
"2022","4","11590540",상도제2동,"01","1층",2140412,122711,144115,40
"2022","4","11590540",상도제2동,"02","1층외",1045457,72030,82485,37
"2022","4","11590540",상도제2동,"00",전체층,1614265,98358,114500,77
"2022","4","11620735",대학동,"02","1층외",888147,44946,53827,36
"2022","4","11620735",대학동,"00",전체층,1504590,76985,92031,84
"2022","4","11620735",대학동,"01","1층",1966922,101014,120683,48
"2022","4","11680730",일원1동,"01","1층",1376618,93575,107341,14
"2022","4","11680730",일원1동,"02","1층외",2309086,57480,80571,13
"2022","4","11680730",일원1동,"00",전체층,1825584,76196,94451,27
"2022","4","11710566",오륜동,"02","1층외",0,0,0,3
"2022","4","11710566",오륜동,"01","1층",4184205,210321,252163,6
"2022","4","11710566",오륜동,"00",전체층,0,0,0,9
"2022","4","11140665",동화동,"01","1층",3601410,167436,203451,28
"2022","4","11140665",동화동,"02","1층외",4399252,167316,211309,32
"2022","4","11140665",동화동,"00",전체층,4026926,167372,207642,60
"2022","4","11200660",성수1가제2동,"02","1층외",2016659,182634,202801,98
"2022","4","11200660",성수1가제2동,"00",전체층,2449983,190646,215146,148
"2022","4","11200660",성수1가제2동,"01","1층",3299297,206350,239343,50
"2022","4","11200615",금호2·3가동,"02","1층외",3363486,75732,109367,11
"2022","4","11200615",금호2·3가동,"01","1층",3254367,216375,248919,22
"2022","4","11200615",금호2·3가동,"00",전체층,3290740,169494,202402,33
"2022","4","11215730",군자동,"01","1층",1906785,98742,117810,76
"2022","4","11215730",군자동,"00",전체층,2035233,100398,120750,135
"2022","4","11215730",군자동,"02","1층외",2200691,102531,124538,59
"2022","4","11215870",구의제3동,"01","1층",2680988,98563,125373,71
"2022","4","11215870",구의제3동,"00",전체층,2224588,94264,116509,177
"2022","4","11215870",구의제3동,"02","1층외",1918886,91384,110572,106
"2022","4","11230730",휘경제2동,"01","1층",1477413,80437,95211,28
"2022","4","11230730",휘경제2동,"00",전체층,1945757,84888,104346,45
"2022","4","11230730",휘경제2동,"02","1층외",2717148,92219,119391,17
"2022","4","11260590",상봉제2동,"02","1층외",619179,61592,67784,43
"2022","4","11260590",상봉제2동,"01","1층",1569032,90969,106659,48
"2022","4","11260590",상봉제2동,"00",전체층,1120201,77087,88289,91
"2022","4","11260630",묵제2동,"01","1층",1439900,73952,88351,36
"2022","4","11260630",묵제2동,"02","1층외",305790,45721,48779,17
"2022","4","11260630",묵제2동,"00",전체층,1076129,64897,75658,53
"2022","4","11290600",안암동,"02","1층외",1318693,74779,87966,39
"2022","4","11290600",안암동,"00",전체층,1664577,99764,116410,65
"2022","4","11290600",안암동,"01","1층",2183402,137241,159075,26
"2022","4","11290770",장위제2동,"02","1층외",1048505,62483,72968,29
"2022","4","11290770",장위제2동,"00",전체층,1085918,65346,76205,44
"2022","4","11290770",장위제2동,"01","1층",1158251,70880,82463,15
"2022","4","11320522",도봉제2동,"01","1층",1624935,86958,103207,40
"2022","4","11320522",도봉제2동,"00",전체층,1858928,62447,81037,72
"2022","4","11320522",도봉제2동,"02","1층외",2151419,31809,53323,32
"2022","4","11350570",월계2동,"01","1층",2078108,108869,129650,13
"2022","4","11350570",월계2동,"02","1층외",4966330,91270,140934,11
"2022","4","11350570",월계2동,"00",전체층,3401877,100803,134822,24
"2022","4","11320700",방학제2동,"01","1층",1391622,75097,89014,54
"2022","4","11320700",방학제2동,"02","1층외",1716015,45500,62660,20
"2022","4","11320700",방학제2동,"00",전체층,1479296,67098,81891,74
"2022","4","11380530",불광제2동,"01","1층",1400890,82394,96403,28
"2022","4","11380530",불광제2동,"00",전체층,1510028,67416,82516,58
"2022","4","11380530",불광제2동,"02","1층외",1611891,53436,69555,30
"2022","4","11440740",상암동,"00",전체층,2338817,142247,165636,101
"2022","4","11440740",상암동,"01","1층",2743019,168823,196253,38
"2022","4","11440740",상암동,"02","1층외",2095012,126218,147168,63
"2022","4","11500570",화곡제4동,"01","1층",2188327,112828,134712,40
"2022","4","11500570",화곡제4동,"02","1층외",3054767,32083,62631,31
"2022","4","11500570",화곡제4동,"00",전체층,2566632,77574,103240,71
"2022","4","11500630",방화제1동,"02","1층외",2224484,54162,76407,39
"2022","4","11500630",방화제1동,"00",전체층,2248918,96680,119170,100
"2022","4","11500630",방화제1동,"01","1층",2264541,123864,146509,61
"2022","4","11500615",우장산동,"02","1층외",2315773,105867,129024,31
"2022","4","11500615",우장산동,"00",전체층,2308622,112380,135466,63
"2022","4","11500615",우장산동,"01","1층",2301694,118690,141707,32
"2022","4","11530740",개봉제1동,"01","1층",1528600,87362,102648,35
"2022","4","11530740",개봉제1동,"02","1층외",3618058,61494,97674,22
"2022","4","11530740",개봉제1동,"00",전체층,2335058,77378,100728,57
"2022","4","11530790",수궁동,"01","1층",1602311,94679,110702,21
"2022","4","11530790",수궁동,"00",전체층,1855479,74143,92698,37
"2022","4","11530790",수궁동,"02","1층외",2187762,47190,69067,16
"2022","4","11560605",문래동,"01","1층",1256243,99715,112277,115
"2022","4","11560605",문래동,"02","1층외",850212,95123,103625,106
"2022","4","11560605",문래동,"00",전체층,1061495,97513,108128,221
"2022","4","11560620",양평제2동,"02","1층외",1016760,92372,102539,58
"2022","4","11560620",양평제2동,"00",전체층,1293370,102739,115672,100
"2022","4","11560620",양평제2동,"01","1층",1675355,117055,133809,42
"2022","4","11560630",신길제1동,"02","1층외",504775,48836,53884,14
"2022","4","11560630",신길제1동,"01","1층",1427260,86900,101172,26
"2022","4","11560630",신길제1동,"00",전체층,1104390,73578,84621,40
"2022","4","11650600",방배1동,"02","1층외",3130904,71156,102465,35
"2022","4","11650600",방배1동,"00",전체층,2585589,96477,122333,65
"2022","4","11650600",방배1동,"01","1층",1949389,126019,145513,30
"2022","4","11710590",송파2동,"01","1층",2699230,166523,193516,25
"2022","4","11710590",송파2동,"02","1층외",2406869,105327,129396,19
"2022","4","11710590",송파2동,"00",전체층,2572983,140098,165827,44
"2022","4","11740590",암사제3동,"02","1층외",3527427,169017,204292,31
"2022","4","11740590",암사제3동,"01","1층",1792932,127960,145890,23
"2022","4","11740590",암사제3동,"00",전체층,2788661,151530,179417,54
"2022","4","11110570",무악동,"01","1층",4161067,156308,197919,5
"2022","4","11110570",무악동,"00",전체층,2753621,127030,154567,10
"2022","4","11110570",무악동,"02","1층외",1346175,97752,111214,5
"2022","4","11170590",용문동,"02","1층외",1544407,83247,98691,8
"2022","4","11170590",용문동,"01","1층",2404384,150543,174587,25
"2022","4","11170590",용문동,"00",전체층,2195905,134229,156188,33
"2022","4","11170640",이촌제2동,"02","1층외",0,0,0,4
"2022","4","11170640",이촌제2동,"01","1층",1692028,52996,69916,8
"2022","4","11170640",이촌제2동,"00",전체층,0,0,0,12
"2022","4","11200560",행당제1동,"01","1층",2532755,162952,188280,36
"2022","4","11200560",행당제1동,"02","1층외",3595718,133456,169413,24
"2022","4","11200560",행당제1동,"00",전체층,2957940,151154,180733,60
"2022","4","11215710",화양동,"02","1층외",1127817,97958,109236,93
"2022","4","11215710",화양동,"00",전체층,2069551,128771,149466,191
"2022","4","11215710",화양동,"01","1층",2963237,158011,187644,98
"2022","4","11260565",면목본동,"01","1층",1744188,104227,121669,51
"2022","4","11260565",면목본동,"02","1층외",3121045,36107,67317,39
"2022","4","11260565",면목본동,"00",전체층,2340826,74709,98117,90
"2022","4","11230740",이문제1동,"01","1층",1685554,126100,142956,31
"2022","4","11230740",이문제1동,"00",전체층,1495145,100108,115059,45
"2022","4","11230740",이문제1동,"02","1층외",1073524,42554,53289,14
"2022","4","11305615",수유1동,"01","1층",1466278,79731,94394,41
"2022","4","11305615",수유1동,"02","1층외",535112,37283,42634,19
"2022","4","11305615",수유1동,"00",전체층,1171409,66289,78003,60
"2022","4","11380520",불광제1동,"02","1층외",888856,52424,61312,18
"2022","4","11380520",불광제1동,"00",전체층,1778535,84207,101993,61
"2022","4","11380520",불광제1동,"01","1층",2150958,97512,119022,43
"2022","4","11350619",중계본동,"01","1층",3121859,130993,162211,16
"2022","4","11350619",중계본동,"00",전체층,1916931,89647,108816,37
"2022","4","11350619",중계본동,"02","1층외",998890,58146,68134,21
"2022","4","11410700",남가좌제2동,"01","1층",1454872,93119,107667,36
"2022","4","11410700",남가좌제2동,"00",전체층,1548070,71284,86765,79
"2022","4","11410700",남가좌제2동,"02","1층외",1626095,53004,69265,43
"2022","4","11470530",목3동,"01","1층",1520160,84405,99607,28
"2022","4","11470530",목3동,"00",전체층,2348189,76251,99733,45
"2022","4","11470530",목3동,"02","1층외",3712002,62821,99941,17
"2022","4","11530540",구로제3동,"01","1층",3119126,222838,254029,52
"2022","4","11530540",구로제3동,"00",전체층,1797086,164929,182900,245
"2022","4","11530540",구로제3동,"02","1층외",1440888,149327,163736,193
"2022","4","11530550",구로제4동,"01","1층",2189566,116349,138245,37
"2022","4","11530550",구로제4동,"02","1층외",1376435,66020,79784,21
"2022","4","11530550",구로제4동,"00",전체층,1895156,98127,117078,58
"2022","4","11530800",항동,"01","1층",3870718,194018,232726,10
"2022","4","11530800",항동,"02","1층외",4315700,77827,120984,16
"2022","4","11530800",항동,"00",전체층,4144553,122516,163962,26
"2022","4","11560550",당산제1동,"02","1층외",1004727,67054,77101,109
"2022","4","11560550",당산제1동,"01","1층",1676761,106730,123498,90
"2022","4","11560550",당산제1동,"00",전체층,1308662,84998,98085,199
"2022","4","11545690",시흥제3동,"02","1층외",861896,39474,48093,59
"2022","4","11545690",시흥제3동,"01","1층",1115477,104140,115295,40
"2022","4","11545690",시흥제3동,"00",전체층,964353,65602,75245,99
"2022","4","11620685",신사동,"01","1층",1700082,110585,127585,99
"2022","4","11620685",신사동,"00",전체층,1727439,93353,110627,134
"2022","4","11620685",신사동,"02","1층외",1804819,44613,62661,35
"2022","4","11620645",서원동,"02","1층외",1460562,76787,91392,32
"2022","4","11620645",서원동,"00",전체층,2246293,103210,125673,52
"2022","4","11620645",서원동,"01","1층",3503462,145487,180522,20
"2022","4","11650530",서초3동,"01","1층",2225862,122691,144950,59
"2022","4","11650530",서초3동,"02","1층외",760948,98304,105913,157
"2022","4","11650530",서초3동,"00",전체층,1161086,104965,116576,216
"2022","4","11680531",논현2동,"01","1층",2478461,142196,166981,62
"2022","4","11680531",논현2동,"02","1층외",1934925,98166,117515,159
"2022","4","11680531",논현2동,"00",전체층,2087410,110518,131392,221
"2022","4","11710570",오금동,"01","1층",2084925,149917,170766,38
"2022","4","11710570",오금동,"02","1층외",3752337,71290,108814,44
"2022","4","11710570",오금동,"00",전체층,2979634,107727,137523,82
"2022","4","11740660",성내제3동,"02","1층외",1958339,61785,81368,55
"2022","4","11740660",성내제3동,"01","1층",1994799,123326,143274,101
"2022","4","11740660",성내제3동,"00",전체층,1981945,101629,121448,156
"2022","4","11620715",난향동,"02","1층외",711099,30477,37588,12
"2022","4","11620715",난향동,"00",전체층,0,0,0,14
"2022","4","11620715",난향동,"01","1층",0,0,0,2
